smru_platform_code,T1,T2,S1,S2,remove,Sremove,comment
BM01-544-12,0,0,0,0,0,0,no comment
BM02-01-17,0,0,0,0,0,0,no comment
BM02-03-17,0,0,0,0,0,0,no comment
BM02-05-17,0,0,0,0,1,0,no comment
BM02-06-17,0,0,0,0,0,0,no comment
BM03-853-18,0,0,0,0,0,0,no comment
BM03-855-18,0,0,0,0,1,0,no comment
BM03-856-18,0,0,0,0,0,0,no comment
BM03-857-18,0,0,0,0,0,0,no comment
DL02-C400-16,0,0,0,0,0,0,no comment
DL02-C401-16,0,0,0,0,0,0,no comment
MY01-449-17,0,0,0,0,1,0,no comment
MY01-512-17,0,0,0,0,1,0,no comment
MY01-513-17,0,0,0,0,0,0,no comment
MY01-514-17,0,0,0,0,1,0,no comment
MY01-515-17,0,0,0,0,1,0,no comment
awru1-A-06,0,0.05,0,0,0,0,no comment
awru1-B-06,0,0.25,0,0,0,0,no comment
awru1-C-06,0,0.04,0,0,0,0,no comment
bs1-53127-04,0,0,0,0,0,0,no comment
bs1-53128-04,0,0,0,0,0,0,no comment
bs1-53129-04,0,0,0,0,1,0,no comment
bs1-53130-04,0,0,0,0,0,0,no comment
bs2-53127-05,0,0,0,0,0,0,no comment
bs2-53128-05,0,0,0,0,0,0,no comment
bs2-53130-05,0,0,0,0,0,0,no comment
bv3-240-14,0,0,0,0,0,0,no comment
bv3-241-14,0,0,0,0,0,0,no comment
bv3-242-14,0,0,0.03,0,0,0,no comment
bv3-243-14,0,0,0,0,0,0,no comment
bv3-245-14,0,0,0,0,0,0,no comment
bv3-246-14,0,0,0,0,0,0,no comment
bv3-247-14,0,0,0,0,0,0,no comment
bv3-248-14,0,0,0,0,0,0,no comment
ct1-Blitzen-04,0,0,0,-1.2,0,0,no comment
ct1-Comet-04,0,0,0,0.3,0,0,no comment
ct1-Dancer-04,0,0,0,0.1,0,0,no comment
ct1-Dasher-04,0,0,0,0.5,0,0,no comment
ct1-Donner-04,0,0,0,0.3,0,0,no comment
ct1-Vixen-04,0,0,0,0.45,0,0,no comment
ct10-22925-05,0,0,0,-0.8,0,0,no comment
ct10-23104-05,0,0,0,0.31,0,1,no comment
ct10-24176-05,0,0,0,0.5,0,0,no comment
ct10-24178-05,0,0,0,0.33,0,0,no comment
ct10-25966-05,0,0,0,0.3,1,0,no comment
ct10-26341-05,0,0,0,0.35,0,0,no comment
ct10-28592-05,0,0,0,0.3,0,0,no comment
ct100-251-13,0,0,0,0.05,0,0,no comment
ct100-263-13,0,0,0,0.17,0,0,no comment
ct100-264-13,0,0,0,0.3,0,0,no comment
ct100-298-13,0,0,0,0.15,0,0,no comment
ct100-301-13,0,0,0.05,0.05,0,0,no comment
ct101-303-12,0,0,0,0,0,0,no comment
ct101-330-12,0,0,0,0,0,0,no comment
ct101-416-12,0,0,0,0,0,0,no comment
ct101-701-13,0,0,0,0,0,0,no comment
ct101-703-13,0,0,0,0,0,0,no comment
ct101-704-13,0,0,0,0,0,0,no comment
ct101-706-13,0,0,0,0,1,0,no comment
ct101-790-13,0,0,0,0,0,0,no comment
ct101-791-13,0,0,0,0,0,0,no comment
ct101-792-13,0,0,0,0,0,0,no comment
ct101-793-13,0,0,0,0,0,0,no comment
ct101-794-13,0,0,0,0,0,0,no comment
ct101-795-13,0,0,0,0,0,0,no comment
ct102-10432-13,0,0,0,0,1,0,no comment
ct102-12190-12,0,0,0.05,0,0,0,no comment
ct102-12782-13,0,0,0.06,0.02,0,0,no comment
ct102-12787-13,0,0,-0.03,0.08,0,0,no comment
ct102-12797-13,0,0,0,0.45,0,1,no comment
ct102-12798-13,0,0,0.05,0.08,0,0,no comment
ct102-12799-13,0,0,0,0.08,0,0,no comment
ct102-OO052-11,0,0,0,-0.05,0,0,no comment
ct104-EF838-13,-0.01,0.02,0,0.1,0,0,no comment
ct104-EF960-13,0.06,-0.01,0,0.08,0,0,no comment
ct104-EF970-13,0.18,0.01,0,-0.1,0,0,no comment
ct104-EM889-13,-0.07,0.04,0,0.1,0,0,no comment
ct104-EM959-13,-0.01,0.01,0,0.07,0,0,no comment
ct104-EM961-13,0.05,-0.02,0,0.1,0,0,no comment
ct104-EM971-13,-0.03,0.02,0,0.08,0,0,no comment
ct104-WF858-13,0.05,0,0,0.1,0,0,no comment
ct104-WF893-13,-0.01,0.01,0,0.07,0,0,no comment
ct104-WF895-13,-0.01,0.01,0,0.1,0,0,no comment
ct104-WF896-13,0.02,0.01,0,0.1,0,0,no comment
ct104-WF963-13,-0.02,0.02,0,0.1,0,0,no comment
ct104-WM890-13,0,0,0,0.1,0,0,no comment
ct104-WM972-13,0.18,-0.01,0,0,0,0,no comment
ct105-12-13,0,0,0,0,1,0,no comment
ct105-14f-13,0,0,0,0.06,0,0,no comment
ct105-15f-13,0,0,0,0.06,0,0,no comment
ct106-175-12,0,0,0,0,0,0,no comment
ct106-399_2-11,0,0,0,0,1,0,no comment
ct106-614-12,0,0,0,0,0,0,no comment
ct106-628_rebat-14,0,0,0,0,0,0,no comment
ct106-629_2-12,0,0,0,0,0,0,no comment
ct106-633_rebat-14,0,0,0,0,0,0,no comment
ct106-705-13,0,0,0,0,0,0,no comment
ct106-796-13,0,0,0,0,0,0,no comment
ct107-933-13,0,0,0,-0.03,0,0,no comment
ct107-933b-13,0,0,0,0,1,0,no comment
ct107-934-13-N1,0,0,0,0.06,0,0,no comment
ct107-934-13-N2,0,0,0,0.06,0,0,no comment
ct107-938-13-N1,0,0,0,-0.02,0,0,no comment
ct107-938-13-N2,0,0,0,-0.02,0,0,no comment
ct107-940-13,0,0,0,0.09,0,0,no comment
ct107-941-13-N1,0,0,0,0.03,0,0,no comment
ct107-941-13-N2,0,0,0,0.03,0,0,no comment
ct107-947-13-N1,0,0,0,-0.01,0,0,no comment
ct107-947-13-N2,0,0,0,-0.01,0,0,no comment
ct107-950-13-N1,0,0,0,0.03,0,0,no comment
ct107-950-13-N2,0,0,0,0.03,0,0,no comment
ct107-951-13-N1,0,0,0,0.06,0,0,no comment
ct107-951-13-N2,0,0,0,0.06,0,0,no comment
ct107-952-13-N1,0,0,0,0.07,0,0,no comment
ct107-952-13-N2,0,0,0,0.07,0,0,no comment
ct107-953-13-N1,0,0,0,0.04,0,0,no comment
ct107-953-13-N2,0,0,0,0.04,0,0,no comment
ct107-F945-13,0,0,0,0,1,0,no comment
ct107-F946-13-N1,0,0,0,-0.02,0,0,no comment
ct107-F946-13-N2,0,0,0,-0.02,0,0,no comment
ct107-F954-14,0,0,0,-0.01,0,0,no comment
ct107-F995-14,0,0,0,0.03,0,0,no comment
ct108-297-13,0,0,0,-0.09,0,0,no comment
ct108-300-13,0,0,0,0.07,0,0,no comment
ct108-554-13,0,0,0,0.3,0,0,no comment
ct108-555-13,0,0,0,0,1,0,no comment
ct108-564-13,0,0,0,0.08,0,0,no comment
ct108-569-13,0,0,0,0,0,1,no comment
ct108-622-13,0,0,0,0,0,0,no comment
ct108-632-13,0,0,0,0,0,0,no comment
ct108-663-13,0,0,0,0.14,0,0,no comment
ct109-031-14,0,0,0,0.15,0,0,no comment
ct109-032-14,0,0,0,0.15,0,0,no comment
ct109-085-14,0,0,-0.03,0,0,0,no comment
ct109-184-14,0,0,0,0.02,0,0,no comment
ct109-186-14,0,0,0,0.04,0,0,no comment
ct109-187-14,0,0,0,-0.06,0,0,no comment
ct109-188-14,0,0,0,0.03,0,0,no comment
ct109-190-14,0,0,-0.03,-0.01,0,0,no comment
ct109-191-14,0,0,-0.1,0.1,0,0,no comment
ct109-937-14,0,0,-0.02,0,0,0,no comment
ct109-939-14,0,0,0,0,0,0,no comment
ct109-942-14,0,0,0,0,0,0,no comment
ct109-944-14,0,0,0,0.03,0,0,no comment
ct109-949-14,0,0,0.02,0.02,0,0,no comment
ct109-956-14,0,0,0,0.03,0,0,no comment
ct109-958-14,0,0,0,0.03,0,0,no comment
ct109-964-14,0,0,0,0,0,0,no comment
ct109-965-14,0,0,0,0.15,0,0,no comment
ct109-966-14,0,0,0.05,0.1,0,0,no comment
ct109-967-14,0,0,0,0,0,0,no comment
ct109-968-14,0,0,0,0.2,0,0,no comment
ct109-969-14,0,0,0,0,1,0,no comment
ct109-973-14,0,0,0,0.1,0,0,no comment
ct11-10064-05,0,0,0,-0.05,0,0,no comment
ct11-10096-05,0,0,0,0,0,1,no comment
ct11-10097-05,0,0,0,0,0,1,no comment
ct110-027-14,0,0,0,0,0,0,no comment
ct110-028-14,0,0,0,0,0,0,no comment
ct110-029-14,0,0,0,0,0,0,no comment
ct110-086-14,0,0,0,0,0,0,no comment
ct110-087-14,0,0,0,0,0,0,no comment
ct110-088-14,0,0,0,0,0,0,no comment
ct110-089-14,0,0,0,0,0,0,no comment
ct110-090-14,0,0,0,0,0,0,no comment
ct110-255-12,0,0,0,0,1,0,no comment
ct110-256-12,0,0,0,0,0,0,no comment
ct111-030-13,0,0,0,0,0,0,no comment
ct111-617-13,0,-0.04,0,0.05,0,0,no comment
ct111-665-13,0,0,0,0.1,0,0,no comment
ct111-701-14,0,0,0,0,1,0,no comment
ct111-835-10,0,0,0,0,1,0,no comment
ct112-033-14,0,0,0,-0.02,0,0,no comment
ct112-034-14,0,0,0,0.03,0,0,no comment
ct112-035-14,0,0,0,-0.2,0,0,no comment
ct112-047-14,0,0,0,-0.1,0,0,no comment
ct112-048-14,0,0,0,0.02,0,0,no comment
ct112-049-14,0,0,0,-0.03,0,0,no comment
ct112-050-14,0,0,0,0.04,0,0,no comment
ct112-051-14,0,0,0,-0.17,0,0,no comment
ct113-10515-10,0,0,0,0,0,0,no comment
ct113-12787-13,0,0,0,0,0,0,no comment
ct113-12823-13,0,0,0,0,0,0,no comment
ct114-02-14,0,0,0,0,0,0,no comment
ct114-03-14,0,0,0,0.07,0,0,no comment
ct114-04-14,0,0,0,0.07,0,0,no comment
ct114-05-14,0,0,0,0.05,0,0,no comment
ct114-06-14-N1,0,0,0,0,0,1,no comment
ct114-06-14-N2,0,0,0,0,0,1,no comment
ct114-07-14,0,0,0,0.17,0,0,no comment
ct114-08-14,0,0,0,0.06,0,0,no comment
ct114-09-14-N1,0,0,0,0,0,0,no comment
ct114-09-14-N2,0,0,0,0.2,0,0,no comment
ct114-10-14,0,0,0,0,0,0,no comment
ct114-11-14,0,0,0,0.02,0,0,no comment
ct114-12-14,0,0,0,0.1,0,0,no comment
ct114-13-14,0,0,0,0.09,0,0,no comment
ct114-14-14,0,0,0,0,0,0,no comment
ct114-15-14,0,0,0,0,0,0,no comment
ct114-16-14,0,0,0,0.1,0,0,no comment
ct115-892-14,0,0,0,0,0,0,no comment
ct116-13-15,0,0,0,0.1,0,0,no comment
ct116-308-14,0,0,0,0.15,0,0,no comment
ct117-265-15,0,0,0,0.1,0,0,no comment
ct117-266-15,0,0,0,0.05,0,0,no comment
ct118-301-11,0,0,0,0,0,1,no comment
ct118-319-11,0,0,0,-0.1,0,0,no comment
ct118-331-11,0,0,0,0,0,0,no comment
ct118-493-11,0,-0.2,0,0.1,0,0,no comment
ct118-894-13,0,0,0,0,0,0,no comment
ct118-929-13,0,0,0,0,0,0,no comment
ct119-275-14,0,0,0,0.1,0,0,no comment
ct119-279-14,0,0.03,0,0.05,0,0,no comment
ct119-294-14,0,0,0,0.05,0,0,no comment
ct119-300-14,0,0,0,0.05,0,0,no comment
ct12-054-05,0,0,0,-0.01,0,0,no comment
ct12-098-05,0,0,0,-0.68,0,0,no comment
ct12-102-05,0,0,0,0,0,1,no comment
ct12-107-05,0,0,0,0.32,0,0,no comment
ct12-110-05,0,0,0,0.12,0,0,no comment
ct120-035BAT-15,0,0,0.1,-0.6,0,0,no comment
ct120-048BAT-15,0,0,-0.1,0.05,0,0,no comment
ct120-049BAT-15,0,0,0,-0.15,0,0,no comment
ct120-050BAT-15,0,0,0,0.1,0,0,no comment
ct120-075-15,0,0,0,0,0,0,no comment
ct120-079-15,0,0,0,0,1,0,no comment
ct120-15fBAT-15,0,0,0,0.15,0,0,no comment
ct120-262-15,0,0,0,0,0,0,no comment
ct120-265BAT-15,0,0,0.05,0.1,0,0,no comment
ct120-266BAT-15,0,0,0,0,0,0,no comment
ct120-688BAT-15,0,0,0.03,-0.03,0,0,no comment
ct120-695BAT-15,0,0,0.03,0,0,0,no comment
ct120-F4-15,0,0,0,-0.6,0,0,no comment
ct121-01-15,0,0,0.03,0.1,0,0,no comment
ct121-02-15,0,0,0.05,0.06,0,0,no comment
ct122-153-15,0,0,0,0,1,0,no comment
ct122-154-15,0,0,0.02,0.03,0,0,no comment
ct122-157-15,0,0,0,0,0,0,no comment
ct122-158-15,0,0,0.02,0,0,0,no comment
ct122-159-15,0,0,0,0,0,1,no comment
ct122-32BAT-15,0,0,-0.1,-0.02,0,0,no comment
ct122-33BAT-15,0,0,0.01,0,0,0,no comment
ct122-35BAT-15,0,0,0.03,0,0,0,no comment
ct122-39BAT-13,0,0,0.02,0,0,0,no comment
ct122-42BAT-15,0,0,0,0,1,0,no comment
ct122-43BAT-15,0,0,-0.1,0,0,0,no comment
ct122-49BAT-15,0,0,-0.02,-0.03,0,0,no comment
ct123-185-14,0,0,0,0,0,0,no comment
ct123-224-14,0,0,0,0,0,0,no comment
ct123-226-14,0,0,0,0,0,0,no comment
ct123-363_rebat-09,0,0,0,0,0,0,no comment
ct123-616_rebat-14,0,0,0,0,0,0,no comment
ct123-F222_rebat-14,0,0,0,0,0,0,no comment
ct123-F223_rebat-14,0,0,0,0,0,0,no comment
ct123-F628_rebat2-14,0,0,0,0,0,0,no comment
ct125-02BAT-14,0,0,0,0.1,0,0,no comment
ct125-05BAT-14,0,0,0,0.2,0,0,no comment
ct125-06BAT-14,0,0,0,0.1,0,1,no comment
ct125-227-12,0,0,0,0.1,1,0,no comment
ct125-244-12,0,0,0,0,1,0,no comment
ct125-953-13,0,0,0,0,1,0,no comment
ct125-F946-13,0,0,0,-0.2,1,0,no comment
ct126-197-15,0,0,0,0.2,1,0,no comment
ct126-366-15,0,0,0,0,1,0,no comment
ct126-367-15,0,0,0,0,1,0,no comment
ct127-11061-09,0,0,0,0,0,0,no comment
ct127-11343-07,0,0,0,0,0,0,no comment
ct127-11877-08,0,0,0,0,0,0,no comment
ct128-261BAT-13,0,0,0,0,1,0,no comment
ct128-700BAT-12,0,0,0,-0.3,0,0,no comment
ct128a-246BAT-12,0.1,-0.15,0,0.05,0,0,no comment
ct129-R189-14,0,0,0,0.13,0,0,no comment
ct129-R229-14,0,0,0,0.2,0,0,no comment
ct129-R234-14,0,0,0,0.12,0,0,no comment
ct129-R235-14,0,0,0,0,0,0,no comment
ct129-R264-14,0,0,0,0.03,0,0,no comment
ct129-R267-14,0,0,0,-0.05,0,0,no comment
ct129-R269-14,0,0,0,0.05,0,0,no comment
ct129-R270-14,0,0,0,0,1,0,no comment
ct129-R933c-13,0,0,0,-0.04,0,0,no comment
ct129-R962-14,0,0,0,0,0,0,no comment
ct13-057-05,0,0,0,0.16,1,0,no comment
ct13-059-05,0,0,0,0.01,0,0,no comment
ct13-063-05,0,0,0,0,1,0,no comment
ct13-099-05,0,0,0,-0.14,1,0,no comment
ct130-F55-16,0,0,0,0,0,0,no comment
ct130-F58-16,0,0,0,0,0,0,no comment
ct130-F65-16,0,0,0,0,0,0,no comment
ct130-M53-16,0,0,0,0,0,0,no comment
ct130-M65-16,0,0,0,0,0,0,no comment
ct131-035BAT2-15,0,0,0,0,0,1,no comment
ct131-048BAT2-15,0,0,0,0,0,0,no comment
ct131-049BAT2-16,0,0,0,0,0,0,no comment
ct131-050BAT2-16,0,0,0,0.05,0,0,no comment
ct131-075BAT-16,0,0,0,0,0,0,no comment
ct131-265BAT2-16,0,0,0,0,0,0,no comment
ct131-C2BAT3-12,0,0,0,0.1,0,0,no comment
ct132-328F-16,0,0,0,0,0,0,no comment
ct132-329-16,0,0,0,-0.18,0,0,no comment
ct132-330F-16,0,0,0,0,1,0,no comment
ct132-331-16,0,0,0,-0.05,0,0,no comment
ct132-PCA76-16,0,0,0,0,1,0,no comment
ct133-156-15,0,0,0,0.15,0,0,no comment
ct133-160-15,0,0,0,0.1,0,0,no comment
ct134-164-15,0,0,0,0.03,0,0,no comment
ct134-165-15,0,0,0,0,1,0,no comment
ct134-276-14,0,0,0,0.1,0,0,no comment
ct134-277-14,0,0,0,0.2,0,0,no comment
ct134-295-14,0,0,0,0,1,0,no comment
ct134-301-14,0,0,0,0,0,1,no comment
ct134-303-14,0,0,0,0.03,0,0,no comment
ct134-304-14,0,0,0,0.05,0,0,no comment
ct134-354-16,0,0,0,0,1,0,no comment
ct134-357-16,0,0,0,0,1,0,no comment
ct134-358-16,0,0,0,0,1,0,no comment
ct134-360-16,0,0,0,0,1,0,no comment
ct134-361-16,0,0,0,0,1,0,no comment
ct134-368-16,0,0,0,0,1,0,no comment
ct134-416-16,0,0,0,0,1,0,no comment
ct134-417-16,0,0,0,0,1,0,no comment
ct134-418-16,0,0,0,0,1,0,no comment
ct134-419-16,0,0,0,0,1,0,no comment
ct134-420-16,0,0,0,0,1,0,no comment
ct134-421-16,0,0,0,0,1,0,no comment
ct134-422-16,0,0,0,0,1,0,no comment
ct134-440-16,0,0,0,0,1,0,no comment
ct134-441-16,0,0,0,0,1,0,no comment
ct135-084BAT-14,0,0,0,0.1,1,0,no comment
ct135-184BAT-14,0,0,0,0,1,0,no comment
ct135-186BAT-14,0,0,0,-0.03,0,0,no comment
ct135-188BAT-14,0,0,0,0,1,0,no comment
ct135-190BAT-14,0,0,0,0.03,1,0,no comment
ct135-297BAT-13,0,0,-0.06,-0.15,1,0,no comment
ct135-892BAT-12,0,0,0,0,1,0,no comment
ct135-937BAT-14,0,0,0,0,0,1,no comment
ct135-939BAT-14,0,0,0.02,0.02,1,0,no comment
ct135-965BAT-14,0,0,0.05,0.02,1,0,no comment
ct135-966BAT-14,0,0,0,0,0,0,no comment
ct136-225-14,0,0,0,0,0,0,no comment
ct136-236BAT-12,0,0,0,0,0,0,no comment
ct136-892BAT-13,0,0,0,0,0,0,no comment
ct136-F222BAT2-14,0,0,0,0,0,0,no comment
ct136-F628BAT3-12,0,0,0,0,0,0,no comment
ct137-189BAT-14,0,0,0,0.08,0,0,no comment
ct137-227BAT-12,0,0,0,-0.04,0,0,no comment
ct137-231BAT-14,0,0,0,0.15,0,0,no comment
ct137-267BAT-14,0,0,0,0.05,0,0,no comment
ct137-268BAT-14,0,0,0,0.11,0,0,no comment
ct137-367BAT-15,0,0,0,0.1,0,0,no comment
ct137-428-10,0,0,0,0.15,0,0,no comment
ct137-933BAT-13,0,0,0,0.1,0,0,no comment
ct137-953BAT-13,0,0,0,0.09,0,0,no comment
ct138-F70-17,0,0,0,0,0,0,no comment
ct138-F72-17,0,0,0,0,0,0,no comment
ct138-F75-17,0,0,0,0,1,0,no comment
ct138-F77-17,0,0,0,0,0,0,no comment
ct138-F78-17,0,0,0,0,0,0,no comment
ct138-F85-17,0,0,0,0,0,0,no comment
ct138-M75-17,0,0,0,0,0,0,no comment
ct138-M80-17,0,0,0,0,0,0,no comment
ct138-M88-17,0,0,0,0,0,0,no comment
ct138-M89-17,0,0,0,0,0,0,no comment
ct139-035BAT3-15,0,0,0,0,1,0,no comment
ct139-075BAT2-16,0,0,0,-0.05,0,0,no comment
ct139-265BAT3-16,0,0,0,-0.02,0,0,no comment
ct139-331BAT-16,0,0,0,0.2,0,0,no comment
ct139-619-17,0,0,0,0,0,1,no comment
ct139-622-17,0,0,0,0,0,0,no comment
ct139-623-17,0,0,0,-0.05,0,0,no comment
ct139-624-17,0,0,0,0,0,1,no comment
ct139-F328BAT-16,0,0,0,0,0,0,no comment
ct139-F620-17,0,0,0,0,0,0,no comment
ct139-F621-17,0,0,0,0,0,0,no comment
ct139-F932BAT-13,0,0,0,0.05,0,0,no comment
ct139-PCA077-16,0,0,0,0,1,0,no comment
ct139-PCA078-16,0,0,0,-0.35,0,0,no comment
ct14-068-06,0,0,0,-0.1,0,0,no comment
ct14-103-06,0,0,0,0.2,0,0,no comment
ct14-104-06,0,0,0,0.1,0,0,no comment
ct14-105-06,0,0,0,0.12,0,0,no comment
ct14-106-06,0,0,0,-0.05,0,0,no comment
ct14-111-06,0,0,0,-0.01,0,0,no comment
ct14-113-06,0,0,0,0,1,0,no comment
ct14-116-06,0,0,0,0,1,0,no comment
ct14-117-06,0,0,0,-0.5,1,0,no comment
ct14-118-06,0,0,0,0,0,1,no comment
ct14-175-06,0,0,0.04,0,0,0,no comment
ct14-177-06,0,0,0,0,1,0,no comment
ct140-154BAT-15,0,0,0,0,0,0,no comment
ct140-158BAT-15,0,0,0,-0.05,0,0,no comment
ct140-159BAT-15,0,0,0,0,0,0,no comment
ct140-161-15,0,0,0.05,0.35,0,0,no comment
ct140-162-15,0,0,0,0,1,0,no comment
ct140-163-15,0,0,0,0.01,0,0,no comment
ct140-166-15,0,-0.05,0.05,0.01,0,0,no comment
ct140-168-15,0,0,0,0,1,0,no comment
ct140-169-15,0,0,0,0.01,0,0,no comment
ct140-170-15,0,0,0,0,0,0,no comment
ct140-171-15,0,0,0,0,0,0,no comment
ct140-172-15,0,0,0,0.025,0,0,no comment
ct140-173-15,0,0,0,0.15,0,0,no comment
ct140-174-15,0,-0.05,0,0.1,0,0,no comment
ct140-175-15,0,0,0,0.05,0,0,no comment
ct140-176-15,0,0,0,-0.05,0,0,no comment
ct140-177-15,0,0.1,0.05,-0.075,0,0,no comment
ct140-178-15,0,0,0,0,0,0,no comment
ct140-179-15,0,0,0.05,0.15,0,0,no comment
ct140-188-15,0,0,0.05,0.05,0,0,no comment
ct140-189-15,0,0,0,0,1,0,no comment
ct140-635BAT-13,0,0,0,-0.025,0,0,no comment
ct140-690BAT-13,0,0,0,-0.02,0,0,no comment
ct140-695BAT-13,0,0,0,-0.025,0,0,no comment
ct140-699BAT-13,0,0,0,0,0,0,no comment
ct140-700BAT-13,0,0,0.05,-0.17,0,0,no comment
ct140-956BAT-14,0,0,0,0,0,0,no comment
ct141-640AM-17,0,0,0,0,0,0,no comment
ct141-641AF-17,0,0,0,0,1,0,no comment
ct141-642AM-17,0,0,0,0.2,0,0,no comment
ct141-643AM-17,0,0,0,0.2,0,0,no comment
ct141-645SM-17,0,0,0,0.2,0,0,no comment
ct141-646SM-17,0,0,0,-0.01,0,0,no comment
ct141-647AF-17,0,0,0,-0.01,0,0,no comment
ct141-663AF-17,0,0,0,0.02,0,0,no comment
ct141-664SM-17,0,0,0,0.01,0,0,no comment
ct141-665AF-17,0,0,0,0.25,0,0,no comment
ct141-668AF-17,0,0,0,0.2,0,0,no comment
ct141-669AM-17,0,0,0,0.16,0,0,no comment
ct141-671AF-17,0,0,0,-0.01,0,0,no comment
ct141-672AF-17,0,0,0,0.2,0,0,no comment
ct141-673AF-17,0,0,0,0.02,0,0,no comment
ct142-1-17,0,0,0,0,0,0,no comment
ct142-2-17,0,0,0,0,1,0,no comment
ct142-3-17,0,0,0,0,0,0,no comment
ct143-666-18,0,0,0,0,0,0,no comment
ct143-667-18,0,0,0,0,0,0,no comment
ct144-084BAT2-14,0,0,0,0,0,1,no comment
ct144-186BAT2-14,0,0,0,0.1,0,0,no comment
ct144-190BAT2-14,0,0,0,0.1,0,0,no comment
ct144-278BAT-14,0,0,0.03,0.07,0,0,no comment
ct144-298BAT-14,0,0,0,0.03,0,0,no comment
ct144-331BAT2-16,0,0,0,-0.04,0,0,no comment
ct144-622BAT-17,0,0,0,0.14,0,0,no comment
ct144-624BAT-17,0,0,0,-0.03,0,0,no comment
ct144-800-18,0,0,0,-0.07,0,0,no comment
ct144-801-18,0,0,0,0,0,0,no comment
ct144-802-18,0,0,0,0.05,0,0,no comment
ct144-939BAT2-14,0,0,0,0,0,0,no comment
ct144-965BAT2-14,0,0,0,-0.02,0,0,no comment
ct144-F620BAT-17,0,0,0,0.15,0,0,no comment
ct144-F932BAT2-13,0,0,0,0.25,0,0,no comment
ct145-227-BAT2-12,0,0,0,-0.01,0,0,no comment
ct145-231-BAT2-14,0,0,0,0.1,0,0,no comment
ct145-235-BAT-14,0,0,0,0.18,0,0,no comment
ct145-269-BAT-18,0,0,0,0,1,0,no comment
ct145-366-BAT2-15,0,0,0,0.05,0,0,no comment
ct145-367-BAT2-15,0,0,0,0.05,0,0,no comment
ct145-423-BAT-18,0,0,0,0.02,0,0,no comment
ct145-427-BAT-10,0,0,0,0.01,0,0,no comment
ct145-428-BAT-18,0,0,0,0.12,0,0,no comment
ct145-675-BAT-18,0,0,0,-0.3,0,0,no comment
ct145-767-18,0,0,0,0,0,0,no comment
ct145-933-BAT2-18,0,0,0,0.03,1,0,no comment
ct145-953-BAT2-18,0,0,0,0.03,0,0,no comment
ct145-F995-BAT-14,0,0,0,-0.01,0,0,no comment
ct146-1-18,0,0,0,-0.05,0,0,no comment
ct148-932-18,0,0,0.05,0.1,0,0,no comment
ct148-933-18,0,0,0,0.1,0,0,no comment
ct148-934-18,0,0,0,0.03,0,0,no comment
ct148-935-18,0,0,0,0,0,0,no comment
ct148-936-18,0,0,0,-0.2,0,0,no comment
ct148-937-18,0,0,0,0,1,0,no comment
ct148-938-18,0,0,0,0,0,0,no comment
ct148-939-18,0,0,0,0.26,0,0,no comment
ct148-940-18,0,0,0,0.05,0,0,no comment
ct148-941-18,0,0,0.05,0.1,0,0,no comment
ct148-944-18,0,0,0,0,0,0,no comment
ct148-945-18,0,0,0,0.05,0,0,no comment
ct148-946-18,0,0,0,-0.11,0,0,no comment
ct148-947-18,0,0,0,0.05,0,0,no comment
ct148-948-18,0,0,0,0,1,0,no comment
ct148-961-18,0,0,0,-0.01,0,0,no comment
ct148-962-18,0,0,0,0.02,0,0,no comment
ct148-963-18,0,0,0.05,-0.02,0,0,no comment
ct148-964-18,0,0,0,-0.05,0,0,no comment
ct148-965-18,0,0,-0.03,-0.03,0,0,no comment
ct148-966-18,0,0,0,0.01,0,0,no comment
ct148-967-18,0,0,0,-0.02,0,0,no comment
ct148-968-18,0,0,0,-0.03,0,0,no comment
ct148-969-18,0,0,0,0.04,0,0,no comment
ct148-970-18,0,0,0,0,0,0,no comment
ct149-922-18,0,0,0,0.01,0,0,no comment
ct149-923-18,0,0,0,-0.01,0,0,no comment
ct149-924-18,0,0,0,-0.1,0,0,no comment
ct149-925-18,0,0,-0.05,0,0,0,no comment
ct149-926-18,0,0,0,0.1,0,0,no comment
ct149-927-18,0,0,0,-0.01,0,0,no comment
ct149-928-18,0,0,0,-0.04,0,0,no comment
ct149-929-18,0,0,0,0,0,0,no comment
ct149-930-18,0,0,0,0.02,0,0,no comment
ct149-931-18,0,0,0,0,1,0,no comment
ct15-171-05,0,0,0,0.02,1,0,no comment
ct15-172-05,0,0,0,0,1,0,no comment
ct150-416BAT-16,0,0,0,0,0,0,no comment
ct16-174-06,0,0,0,0.62,0,0,no comment
ct16-238-06,0,0,0,-0.04,0,0,no comment
ct16-240-06,0,0,0,0,0,1,no comment
ct16-241-06,0,0,0,0.3,0,0,no comment
ct16-317-06,0,0,0,0,1,0,no comment
ct17-f100-06,0,0,0,-0.1,0,0,no comment
ct17-m007-06,0,0,0,-0.36,0,0,no comment
ct17-m070-06,0,0,0,-0.11,0,0,no comment
ct17-m098-06,0,0,0,0,0,1,no comment
ct17-m099-06,0,0,0,0,1,0,no comment
ct17-m107-06,0,0,0,0,1,0,no comment
ct17-m110-06,0,0,0,0.21,0,0,no comment
ct18-L-06,0,0,0,0,0,0,no comment
ct19-007-06,0,0,0,0,1,0,no comment
ct19-054-06,0,0,0,0.6,0,0,no comment
ct19-057-06,0,0,0,0.2,1,0,no comment
ct2-9916-04,0,0,0,0,0,1,no comment
ct2-9919-04,0,0,0,0.55,0,0,no comment
ct2-9920-04,0,0,0,0.5,0,0,no comment
ct2-9925-04,0,0,0,0,0,1,no comment
ct20-414-06,0,0,0,0,1,0,no comment
ct20-414r-06,0,0,0,0,1,0,no comment
ct20-415-06,0,0,0,0,1,0,no comment
ct20-416-06,0,0,0,0,0,0,no comment
ct20-417-06,0,0,0,0,0,0,no comment
ct21-36-07,0,0,0,0.15,0,1,no comment
ct21-37-07,0,0,0,0.02,0,0,no comment
ct21-38-07,0,0,0,-0.02,0,0,no comment
ct21-39-07,0,0,0,0,0,0,no comment
ct21-41-07,0,0,0,0.15,0,0,no comment
ct21-GG178-07,0,0,0,0.08,0,0,no comment
ct22-11-08,0,0,0,0,0,1,no comment
ct22-17-08,0,0,0,0,0,1,no comment
ct23-C01-06,0,0,0,0,0,0,no comment
ct23-C02-06,0,0,0,0,0,0,no comment
ct23-C03-06,0,0,0,0,0,0,no comment
ct23-C04-06,0,0,0,0,0,0,no comment
ct23-C05-06,0,0,0,0,0,0,no comment
ct23-C06-06,0,0,0,0,0,0,no comment
ct23-C07-06,0,0,0,0,0,0,no comment
ct23-C08-06,0,0,0,0,1,0,no comment
ct23-C09-06,0,0,0,-0.05,0,0,no comment
ct23-C10-06,0,0,0,-0.1,0,0,no comment
ct23-C11-06,0,0,-0.05,-0.05,0,0,no comment
ct23-C12-06,0,0,0.03,-0.05,0,0,no comment
ct23x-529-08,0,0,-0.1,0,0,0,no comment
ct23x-536-08,0,0,-0.042,0.02,0,0,no comment
ct23x-537-08,0,0,-0.035,0,0,0,no comment
ct23x-589-08,0,0,-0.054,-0.04,0,0,no comment
ct23x-602-08,0,0,0.05,0.15,0,0,no comment
ct23x-exF-08,0,0,0,0.06,0,0,no comment
ct25-054-07,0,0,0,0.58,0,0,no comment
ct25-490-07,0,0,0,0,0,0,no comment
ct25-556-07,0,0,0,0.11,0,0,no comment
ct25-557-07,0,0,0,0,0,0,no comment
ct25-558-07,0,0,-0.05,-0.1,0,0,no comment
ct25-559-07,0,0,0,0,0,0,no comment
ct25-560-07,0,0,0,0.05,0,0,no comment
ct25-561-07,0,0,0,0.05,0,0,no comment
ct25-562-07,0,0,0,-0.02,0,0,no comment
ct25-563-07,0,0,0,-0.2,0,0,no comment
ct25-564-07,0,0,0,0.01,0,0,no comment
ct25-568-07,0,0,0,0,0,0,no comment
ct25-568r-07,0,0,0,0,0,0,no comment
ct26-C13-07,0,0,0,-0.05,0,0,no comment
ct26-C14-07,0,0,0,0,0,0,no comment
ct26-C15-07,0,0,-0.05,0,0,0,no comment
ct26-C16-07,0,0,0.03,0.07,0,0,no comment
ct27-W1-07,0,0,0,0.2,0,0,offset from Elin Darelius
ct27-W2-07,0,0,0,0.22,0,0,offset from Elin Darelius
ct27-W3-07,0,0,0,0.2,0,0,offset from Elin Darelius
ct27-W5-07,0,0.05,0,0.23,0,0,offset from Elin Darelius
ct27x-W4-07,0,0,0,0.24,0,0,no comment
ct28-574-07,0,0,0,0.08,1,0,no comment
ct28-574r-07,0,0,0,0.09,0,0,no comment
ct28-575-07,0,0,0,0.1,1,0,no comment
ct28-575r-07,0,0,0,0.09,0,0,no comment
ct28-576-07,0,0,0,0.1,0,0,no comment
ct28-581-07,0,0,0,0,1,0,no comment
ct28-582-07,0,0,0,0.05,0,0,no comment
ct28-583-07,0,0,0,0.08,0,0,no comment
ct29-591-07,0,0,0,0,0,0,no comment
ct29-599-07,0,0,0,0.05,0,0,no comment
ct29-628-07,0,0,0,0,0,0,no comment
ct29-629-07,0,0,0,0.03,0,0,no comment
ct29-630-07,0,0,0,0,0,0,no comment
ct29-631-07,0,0,0,0,0,0,no comment
ct29-632-07,0,-0.1,0.1,0.18,0,0,no comment
ct29-633-07,0,0,0,0,0,0,no comment
ct29-635-07,0,0,0.05,0,0,0,no comment
ct29-W627-07,0,0.03,0,0.05,0,0,no comment
ct29-W634-07,0,0,0,0,0,0,no comment
ct3-9118-04,0,0,0,0,0,0,no comment
ct3-9926-04,0,0,0,0.02,0,0,no comment
ct3-9927-04,0,0,0,0.04,0,0,no comment
ct3-9928-04,0,0,0,0.03,0,0,no comment
ct3-9929-04,0,0,0,0,0,0,no comment
ct3-9931-04,0,0,0,0.06,0,0,no comment
ct3-9932-04,0,0,0,0.03,0,0,no comment
ct3-9934-04,0,0,0,0.05,0,0,no comment
ct3-9935-04,0,0,0,0,0,0,no comment
ct3-9938-04,0,0,0,0,0,0,no comment
ct30-S-07,0,0,0,0.08,0,0,no comment
ct30-T-07,0,0,0,0,0,0,no comment
ct30-X-07,0,0,0,0.05,0,0,no comment
ct30-Y-07,0,0,0,0,0,0,no comment
ct31-441-07,0,0,0,0,1,0,no comment
ct31-441_rec-07,0,0,0,0,0,0,no comment
ct31-448A-07,0,0,0,0,1,0,no comment
ct31-448B-07,0,0,0,0,1,0,no comment
ct31-448B_rec-07,0,0,0,0,0,0,no comment
ct32-Fp36-07,0,0,0,0.02,0,0,no comment
ct32-M171-07,0,0,0,0.07,0,0,no comment
ct32-Mj98-07,0,0,0,0.15,0,0,no comment
ct32x-F110-08,0,0,0,0.23,0,0,no comment
ct32x-F115-08,0,0,0,0.4,0,0,no comment
ct32x-F119-08,0,0,0,0.13,0,0,no comment
ct32x-F147-08,0,0,0,0.09,0,0,no comment
ct32x-F150-08,0,0,0,0.17,0,0,no comment
ct32x-F154-08,0,0,0,0.12,0,0,no comment
ct32x-F175-08,0,0,0,0.14,0,0,no comment
ct32x-F180-08,0,0,0,0.11,0,0,no comment
ct32x-F30-08,0,0,0,0.05,0,0,no comment
ct32x-F40-08,0,0,0,0.05,0,0,no comment
ct32x-F44-08,0,0,0,0.09,0,0,no comment
ct32x-F93-08,0,0,0,0.21,0,0,no comment
ct32x-M225-08,0,0,0,0.14,0,0,no comment
ct32x-M34-08,0,0,0,0.12,0,0,no comment
ct32x-M39-08,0,0,0,0.12,0,0,no comment
ct32x-M42-08,0,0,0,0,1,0,no comment
ct33-OO021-07,0,0,0,-0.13,0,0,no comment
ct33-OO418-07,0,0,0,0.03,0,0,no comment
ct33-PO043-07,0,0,0,0,0,0,no comment
ct33-WW058-07,0,0,0,-0.04,0,0,no comment
ct33-WW061-07,0,0,0.05,-0.15,0,0,no comment
ct34-2440-08,0,0,0,0,1,0,no comment
ct34-2442-08,0,-0.03,0,0.08,0,0,no comment
ct34-2444-08,0,0,0.03,0.1,0,0,no comment
ct34-2447-08,0,0,-0.05,0.14,0,0,no comment
ct34-2449-08,0,0,-0.05,0.08,0,0,no comment
ct34-2451-08,0,0,-0.08,0.04,0,0,no comment
ct34-2453-08,0,0,0,0.09,0,0,no comment
ct34-2455-08,0,0,-0.01,0.07,0,0,no comment
ct34-2458-08,0,0,0.05,0.06,0,0,no comment
ct34-2460-08,0,0,0,0.1,0,0,no comment
ct34-2462-08,0,0,0,0.06,0,0,no comment
ct34-2464-08,0,0,0,0.07,0,0,no comment
ct34-2466-08,0,0,0,0.07,0,0,no comment
ct34-2470-08,0,0,0.02,0.05,0,0,no comment
ct34-2473-08,0,0,0,0.03,0,0,no comment
ct34-2478-08,0,0,0.05,0.04,0,0,no comment
ct34-2480-08,0,0,0,0.05,0,0,no comment
ct34-2482-08,0,0,0,0.1,0,0,no comment
ct34-2484-08,0,0,0,0,0,0,no comment
ct34-2499-08,0,-0.03,0,0.15,0,0,no comment
ct35-RR483-07,0,0,0,0.05,0,0,no comment
ct35-YY070-07,0,0,0,0.05,0,0,no comment
ct35-YY193a-07,0,0,0,0,0,0,no comment
ct35-YY240-07,0,0,0,0.02,0,0,no comment
ct35-YY264a-07,0,0,0,0.05,0,0,no comment
ct35-YY348a-07,0,0,0,0.08,0,0,no comment
ct35b-YY039-08,0,0,0,-0.04,0,0,no comment
ct35b-YY193b-08,0,0,0,-0.04,0,0,no comment
ct35b-YY264b-08,0,0,0,0.02,0,0,no comment
ct35b-YY348b-08,0,0,0,0.02,0,0,no comment
ct35x-GG380-08,0,0,0,0,0,1,no comment
ct35x-PO225-08,0,0,0,0.1,0,0,no comment
ct35x-WR029-08,0,0,0,-0.05,0,0,no comment
ct35x-WW005-08,0,0,0,0.2,0,1,no comment
ct36-A-09,0,-0.03,0.03,0.1,0,0,no comment
ct36-B-09,0,0,-0.05,0,0,0,no comment
ct36-C-09,0,0,0.05,0.05,0,0,no comment
ct36-D-09,0,0,0.05,0.09,0,0,no comment
ct36-E-09,0,0,0.05,0.1,0,0,no comment
ct36-F-09,0,-0.02,0.07,0.07,0,0,no comment
ct36-R1-09,0,0,0,0.03,0,0,no comment
ct36-R2-09,0,0,0,0,1,0,no comment
ct36-R3-09,0,0,0,0,1,0,no comment
ct36-R4-09,0,-0.09,0.058,0.11,0,0,no comment
ct37-590-08,0,0,0.05,0.05,0,0,no comment
ct37-598-08,0,0,0.05,0.06,0,0,no comment
ct37-617-08,0,0,0,0.08,0,0,no comment
ct37-618-08,0,0,0.04,0.03,0,0,no comment
ct37-619-08,0,0,0.02,0.04,0,0,no comment
ct37-620-08,0,0,0.02,0.07,0,0,no comment
ct37-621-08,0,0,0.05,0.08,0,0,no comment
ct37-757-08,0,0,-0.02,-0.05,0,0,no comment
ct37-762-08,0,0,0.05,-0.02,0,0,no comment
ct37-765-08,0,0,-0.03,0.02,0,0,no comment
ct37-780-08,0,0,0.08,0.03,0,0,no comment
ct37-781-08,0,0,0,0,0,0,no comment
ct38e-09-08,0,0,0,0.02,0,0,no comment
ct38e-11-08,0,0,0.03,0.1,0,0,no comment
ct38e-26-08,0,0,0,0,0,0,no comment
ct38e-29-08,0,0,0,0.03,0,0,no comment
ct38e-30-08,0,0,0.08,0.05,0,0,no comment
ct38w-Daniella-08,0,0,0,0,1,0,no comment
ct38w-Denise-08,0,0,0,0,0,0,no comment
ct38w-Elodie-08,0,0,0,0,0,0,no comment
ct38w-Mathilde-08,0,0,0,0,0,0,no comment
ct38w-QueenEliz-08,0,0,0,0,0,0,no comment
ct39-40-08,0,0,0.05,0.07,0,0,no comment
ct39-41-08,0,0.03,-0.02,0.07,0,0,no comment
ct39-42-08,0,-0.05,0,0.21,0,0,no comment
ct39-43-08,0,-0.02,0,0.19,0,0,no comment
ct39-44-08,0,0.05,0.03,0,0,0,no comment
ct39-45-08,0,0,0.05,0.07,0,0,no comment
ct39-46-08,0,0,0.03,0.11,0,0,no comment
ct39-47-08,0,0,0.05,0.04,0,0,no comment
ct39-48-08,0,0,0.08,0.06,0,0,no comment
ct39-49-08,0,0,0,0,1,0,no comment
ct4-9905-04,0,0,0,0,1,0,no comment
ct4-9908-04,0,0,0,-0.01,0,0,no comment
ct4-9915-04,0,0,0.2,0.2,0,0,no comment
ct4-9921-04,0,0,-0.2,-0.29,0,1,no comment
ct40-848-08,0,0,0,0.27,0,0,no comment
ct40-853-08,0,0,0.02,0.12,0,0,no comment
ct40-857-08,0,0,0,0.12,0,0,no comment
ct40-861-08,0,0,0,0.1,0,0,no comment
ct40-Bernt-08,0,0,0.1,0.05,0,0,no comment
ct40-Bob-08,0,0,-0.05,0.2,0,0,no comment
ct40-Boris-08,0,0,0,0.1,0,0,no comment
ct40-Lily-08,0,0,0.03,0.16,0,0,no comment
ct40-Rikk-08,0,0,0.1,0.08,0,0,no comment
ct40-Sheila-08,0,0,0,0.05,0,0,no comment
ct41-588-08,0,0,0,0.02,0,0,no comment
ct41-756-08,0,0,0,0.05,0,0,no comment
ct41-764-08,0,0,0,0.03,0,0,no comment
ct41-794-08,0,0,0,0.05,0,0,no comment
ct41-795-08,0,0,0,0.05,0,0,no comment
ct42-WB057-08,0,0,0,0.08,0,0,no comment
ct43-574-09,0,0,0,0.02,0,0,no comment
ct43-582-09,0,0,0,0,0,0,no comment
ct43-613-09,0,0,0,0,0,0,no comment
ct43-858-09,0,0,0,0.1,0,0,no comment
ct43-860-09,0,-0.1,0,0.2,0,0,no comment
ct43-862-09,0,-0.15,0,0.15,0,0,no comment
ct43-864-09,0,0.05,0,0.1,0,0,no comment
ct43-865-09,0,0,0,0.03,0,0,no comment
ct43-866-09,0,-0.05,0,0.15,0,0,no comment
ct44-1-08,0,-0.1,0,-0.2,0,0,no comment
ct44-2-08,0,0,0,0,0,0,no comment
ct44-3-08,0,0,0,0,0,0,no comment
ct44-4-08,0,0,0,0,1,0,no comment
ct44-5-08,0,0,0,0,0,0,no comment
ct44-6-08,0,0,0,0,0,0,no comment
ct45-BradBingley-08,0,0,0,-0.09,0,0,no comment
ct45-FannieMae-08,0,0,0,0.13,0,0,no comment
ct45-Fortis-08,0,0,0,0.15,0,0,no comment
ct45-FreddieMac-08,0,0,0,0,0,1,no comment
ct45-HBOS-08,0,0,0,0.1,0,0,no comment
ct45-Landsbanki-08,0,0,0,0.2,0,0,no comment
ct45-LehmanBros-08,0,0,0,0,0,0,no comment
ct45-NorthernRock-08,0,0,0,-0.18,0,0,no comment
ct45-RBS-08,0,0,0,0.04,0,0,no comment
ct45-WashMutual-08,0,0,0,0.08,0,0,no comment
ct46-69040-09,0,0,0.03,0.17,0,0,no comment
ct46-69041-09,0,0,0.03,0.1,0,0,no comment
ct46-69042-09,0,0,0,0.1,0,0,no comment
ct46-69043-09,0,0,0,0.1,0,0,no comment
ct46-69044-09,0,0,0,0.05,0,0,no comment
ct46-69045-09,0,0,0,0.12,0,0,no comment
ct46-69046-09,0,0,0.04,0.06,0,0,no comment
ct46-69047-09,0,0,0.05,0,0,0,no comment
ct46-69048-09,0,0,0.1,0.07,0,0,no comment
ct46-69049-09,0,-0.02,0.1,0.14,0,0,no comment
ct47-A-09,0,0,0,0,0,0,no comment
ct47-B-09,0,0,0,0,0,0,no comment
ct47-C-09,0,0,0,0,0,0,no comment
ct47-D-09,0,0,0,0,0,0,no comment
ct47-E-09,0,0,0,0,0,0,no comment
ct47-F-09,0,0,0,0,0,0,no comment
ct47-G-09,0,0,0,0,0,0,no comment
ct47-I-09,0,0,0,0,0,0,no comment
ct48-021-09,0,0,0,0.1,0,0,no comment
ct48-032-09,0,0,0.05,0.05,0,0,no comment
ct48-041-09,0,0,0.02,0.11,0,0,no comment
ct48-047-09,0,0,0,-0.04,0,0,no comment
ct48-050-09,0,0,0.03,0.13,0,0,no comment
ct48-051-09,0,0,0,0.12,0,0,no comment
ct48-057-09,0,0,0.02,0.2,0,0,no comment
ct48-059-09,0,0,0,0.05,1,0,no comment
ct48-060-09,0,0,0,0.05,0,0,no comment
ct48-060x-09,0,0,0,0,1,0,no comment
ct48-118b-09,0,0,0,0,0,0,no comment
ct48-576b-09,0,0,0,0,0,0,no comment
ct48-585b-09,0,0,0.05,0.02,0,0,no comment
ct48-615b-09,0,0,0,0.01,0,0,no comment
ct48-764b-09,0,0,0,0.03,0,0,no comment
ct49-Adnams-09,0,0,0,0.07,0,0,no comment
ct49-Amstel-09,0,0,0,0.15,0,0,no comment
ct49-Brahma-09,0,0,-0.05,0.08,0,0,no comment
ct49-Carling-09,0,0,0,-0.05,0,0,no comment
ct49-Corona-09,0,0,0,0.05,0,0,no comment
ct49-Grolsch-09,0,0,0,0,0,0,no comment
ct49-Hansa-09,0,0,0,0.1,0,0,no comment
ct49-Mack-09,0,0,0,0.1,0,0,no comment
ct49-Molsen-09,0,0,0,0.1,0,0,no comment
ct49-Sam-09,0,0,0,0.15,0,0,no comment
ct49-Stella-09,0,0,0,0.1,0,0,no comment
ct49-Tuborg-09,0,0,0,0.1,0,0,no comment
ct50-BB246-09,0,0,0,0.03,0,0,no comment
ct50-BB349-09,0,0,0.1,0.06,0,0,no comment
ct50-RR217-09,0,0,0,0.07,0,0,no comment
ct50-RR435-09,0,0,0,-0.05,0,0,no comment
ct51-069-09,0,0,0,0.02,0,0,no comment
ct51-072-09,0,0,0,0.08,0,0,no comment
ct52-F41-09,0,0,0,0.1,0,0,no comment
ct52-F44-09,0,0,0,0,0,0,no comment
ct52-F47-09,0,0,0,-0.5,0,0,no comment
ct52-F48-09,0,0,0,0,1,0,no comment
ct52-F60-09,0,0,0,0,0,0,no comment
ct52-F66-09,0,0,0,0,0,0,no comment
ct52-F74-09,0,0,0,0,1,0,no comment
ct52-F76-09,0,0,0,0,0,0,no comment
ct52-M43-09,0,0,0,0,0,0,no comment
ct52-M51-09,0,0,0,0.1,0,0,no comment
ct52-M52-09,0,0,0,0,0,0,no comment
ct52-M56-09,0,0,0,0.05,0,0,no comment
ct52-M64-09,0,0,0,0.15,0,0,no comment
ct52-M65-09,0,0,0,0.1,0,0,no comment
ct52-M77-09,0,0,0,0,0,0,no comment
ct53-583b-09,0,0,0,0.02,0,0,no comment
ct54-496-10,0,-0.15,0.02,0.19,0,0,no comment
ct54-498-10,0,0,0.04,0.02,0,0,no comment
ct54-499-10,0,0,0.01,0.04,1,0,no comment
ct54-500-10,0,0,0,0,0,0,no comment
ct54-501-10,0,0,0.01,0.07,0,0,no comment
ct54-502-10,0,0,0.02,0.07,0,0,no comment
ct54-503-10,0,0.02,-0.06,0.12,0,0,no comment
ct54-504-10,0,0,-0.05,0.1,0,0,no comment
ct54-505-10,0,0,0.12,0.02,0,0,no comment
ct54-r499-10,0,0,0,0,1,0,no comment
ct54-r515a-10,0,0.03,0,0.04,0,0,no comment
ct54-r515b-10,0,0,0,-0.05,0,0,no comment
ct54-r674-10,0,-0.2,0.065,0.27,0,0,no comment
ct55-11224-10,0,0,0,0,0,0,no comment
ct55-11299-10,0,0,0,0,0,0,no comment
ct55-11300-10,0,0,0,0.05,0,0,no comment
ct55-11314-10,0,0,0,-0.1,0,0,no comment
ct55-9575-10,0,0,0,0,0,0,no comment
ct56-M665-10,0,0,0,0,0,0,no comment
ct56-M798-10,0,0,0,0,0,1,no comment
ct56-M838-10,0,0,0,0,1,0,no comment
ct56-M981-10,0,0,0,0.03,0,0,no comment
ct56-R021-10,0,0,0,0,0,1,no comment
ct56-R746-10,0,0,0,-0.03,0,0,no comment
ct56-R760-10,0,0,0.05,0.12,0,0,no comment
ct56-R779-10,0,0,0.03,0.05,0,0,no comment
ct57-L476-10,0,0,0,0,0,0,no comment
ct57-L477-10,0,0,0,0,0,0,no comment
ct57-L478-10,0,0,0,0,0,0,no comment
ct57-L479-10,0,0,0,0,0,0,no comment
ct57-L480-10,0,0,0,0,0,0,no comment
ct57-W481-10,0,0,0,0,0,0,no comment
ct57-W482-10,0,0,0,0,1,0,no comment
ct57-W483-10,0,0,0,0,0,0,no comment
ct57-W484-10,0,0,0,0,0,0,no comment
ct58-10440-09,0,0,0,0,0,1,no comment
ct58-10446-09,0,0,0,0,0,1,no comment
ct58-10568-09,0,0,0,-0.09,0,0,no comment
ct58-10971-09,0,0,0.05,0.05,0,0,no comment
ct58-10980-09,0,0,0,0,0,0,no comment
ct58-11061-09,0,0,0,0.2,0,0,no comment
ct58-11225-09,0,0,0,0.25,0,0,no comment
ct58-11315-09,0,0,0,0,0,1,no comment
ct58-11316-09,0,0,0,0.05,0,0,no comment
ct58-11317-09,0,0,0,0.1,0,0,no comment
ct58-11332-09,0,0,0,0.1,0,0,no comment
ct58-11333-09,0,0,0,0.05,0,0,no comment
ct58-11340-09,0,0,0,0.1,0,0,no comment
ct59-532-09,0,0,0,0,0,0,no comment
ct59-665-09,0,0,0,0,0,0,no comment
ct59-666-09,0,0,0,0,0,0,no comment
ct59-667-09,0,0,0,0,0,0,no comment
ct59-738-09,0,0,0,0,0,0,no comment
ct6-10006-05,0,0,0,0.3,0,0,no comment
ct6-10010-05,0,0,0,0,0,0,no comment
ct6-10011-05,0,0,0,0,0,0,no comment
ct6-10015-05,0,0,0,0,0,1,no comment
ct6-10016-05,0,0,0,0.06,0,0,no comment
ct6-10017-05,0,0,0,0,0,1,no comment
ct6-10018-05,0,0,0,-0.3,0,0,no comment
ct6-10020-05,0,0,0,0,0,0,no comment
ct6-10021-05,0,0,0,0,0,0,no comment
ct6-9920-05,0,0,0,0.6,0,0,no comment
ct6-9923-05,0,0,0,0,1,0,no comment
ct61-01-09,0,0,0,0,1,0,no comment
ct61-01r-09,0,0,0,0,0,0,no comment
ct61-02-09,0,0,0,0,0,0,no comment
ct61-03-09,0,0,0,0,0,0,no comment
ct61-04-09,0,0,0,0,0,0,no comment
ct61-06-09,0,0,0,0,0,0,no comment
ct61-07-09,0,0,0,0,0,0,no comment
ct61-08-09,0,0,0,0,0,1,no comment
ct61-09-09,0,0,0,0,0,0,no comment
ct61-10-09,0,0,0,0,0,0,no comment
ct62-01-10,0.0098,0.0069,-0.023,0,0,0,no comment
ct62-02-10,-0.012,0.0078,0.02,0,0,0,no comment
ct63-083-10,0,0.08,0,0.1,0,0,no comment
ct63-426-10,0,0,0,0,1,0,no comment
ct63-426rec-10,0,-0.01,0,0.02,0,0,no comment
ct63-427-10,0,0,0,0,1,0,no comment
ct63-427rec-10,0,-0.06,0,0,0,0,no comment
ct63-428-10,0,0,0,0,1,0,no comment
ct63-428rec-10,0,-0.01,0,0.36,0,0,no comment
ct63-430-10,0,-0.03,0,0.3,0,0,no comment
ct63-431-10,0,0,0,0,1,0,no comment
ct63-431rec-10,0,-0.2,0,0.54,0,0,no comment
ct63-433-10,0,0,0,0.42,0,0,no comment
ct63-434-10,0,0,0,0,1,0,no comment
ct63-435-10,0,0,0,0,1,0,no comment
ct63-435rec-10,0,-0.12,0,0.17,0,0,no comment
ct63-444-10,0,-0.01,0,-0.8,0,0,no comment
ct63-445-10,0,-0.03,0,1.01,0,0,no comment
ct63-446-10,0,-0.16,0,0.39,0,0,no comment
ct63-447-10,0,-0.01,0,0,0,0,no comment
ct63-448-10,0,-0.19,0,0.09,0,0,no comment
ct63-458-10,0,-0.09,0,0.09,0,0,no comment
ct63-G312-10,0,0,0,0,1,0,no comment
ct63-G381-10,0,0,0,0,0,0,no comment
ct63-rf082-10,0,0,0,0.21,0,0,no comment
ct63-rf111-10,0,-0.11,0,0,0,0,no comment
ct63-rf577-10,0,0.01,0,0.03,0,0,no comment
ct63-rf794-10,0,0,0,0,1,0,no comment
ct63-rf795-10,0,-0.01,0,0.02,0,0,no comment
ct64-M001-09,0,0,0,0.05,0,0,no comment
ct64-M036-09,0,0,0,0.15,0,0,no comment
ct64-M037-09,0,0,0,0.15,0,0,no comment
ct64-M040-09,0,0,0,0.15,0,0,no comment
ct64-M043-09,0,0,0.03,-0.05,0,0,no comment
ct64-M044-09,0,0,0,0,0,1,no comment
ct64-M052-09,0,0,0,-0.04,0,0,no comment
ct64-M053-09,0,0,0,0.05,0,0,no comment
ct64-M059-09,0,0,0,-0.13,0,0,no comment
ct64-M061-09,0,0,0,-0.05,0,0,no comment
ct64-M721-09,0,0,-0.05,0.08,0,0,no comment
ct64-M746-09,0,0,-0.05,0.03,0,0,no comment
ct64-M752-09,0,0,-0.05,0.1,0,0,no comment
ct64-M979-09,0,0,0.03,0.18,0,0,no comment
ct64-M994-09,0,0,0.03,0.05,0,0,no comment
ct65-11079-10,0,0,0,0.1,0,0,no comment
ct65-11342-10,0,0,0,0.04,0,0,no comment
ct65-11343-10,0,0,0,0,1,0,no comment
ct65-11343r-10,0,0,0,0,0,1,no comment
ct67-10054-10,0,0,0,0,1,0,no comment
ct67-10110-10,0,0,0,0,0,0,no comment
ct67-10116-10,0,0,0,0,0,0,no comment
ct67-11072-10,0,0,0,0.1,0,0,no comment
ct68-WW005-10,0,0,0,-0.28,0,0,no comment
ct68-YY189-10,0,0,0,0.02,0,0,no comment
ct69-F42-10,0,0,0,0,1,0,no comment
ct69-F44-Lisa-10,0,0,0,0,0,0,no comment
ct69-F50-10,0,0,0,0,1,0,no comment
ct69-F53-10,0,0,0,0,0,0,no comment
ct69-F58a-10,0,0,0,0,0,0,no comment
ct69-F58b-10,0,0,0,0,0,0,no comment
ct69-F59-10,0,0,0,0,0,0,no comment
ct69-M41-10,0,0,0,0,0,0,no comment
ct69-M45-10,0,0,0,0,0,0,no comment
ct69-M48-10,0,0,0,0,0,0,no comment
ct69-M53a-10,0,0,0,0,0,0,no comment
ct69-M53b-10,0,0,0,0,0,0,no comment
ct69-M57-10,0,0,0,0,0,0,no comment
ct69-M64-Benny-10,0,0,0,0,0,0,no comment
ct69-M65-10,0,0,0,0,0,0,no comment
ct7-10026-05,0,0,0,0,0,0,no comment
ct7-10028-05,0,0,0,0,0,0,no comment
ct7-10029-05,0,0,0,0.03,0,0,no comment
ct7-10032-05,0,0,0,0,0,0,no comment
ct7-10035-05,0,0,0,0,0,0,no comment
ct7-10037-05,0,0,0,0.1,0,0,no comment
ct7-10039-05,0,0,0,0,1,0,no comment
ct70-356-11,0,0.04,0,0.03,0,0,offset from Elin Darelius
ct70-486-11,0,0,0,0.1,0,0,offset from Elin Darelius
ct70-488-11,0,0,0,0.08,0,0,offset from Elin Darelius
ct70-490-11,0,0,0,0.07,0,0,offset from Elin Darelius
ct70-491-11,0,0,0,0,0,0,offset from Elin Darelius
ct70-499-11,0,0,0,0.05,0,0,offset from Elin Darelius
ct70-500-11,0,-0.05,0,0.18,0,0,offset from Elin Darelius
ct70-501-11,0,0,0,0.13,0,0,offset from Elin Darelius
ct70-502-11,0,0.05,0,0.19,0,0,offset from Elin Darelius
ct70-503-11,0,0,0,0.14,0,0,offset from Elin Darelius
ct70-526-11,0,-0.15,0,0.3,0,0,offset from Elin Darelius
ct70-633-11,0,0,0,0.09,0,0,offset from Elin Darelius
ct70-634-11,0,0,0,0.14,0,0,offset from Elin Darelius
ct70-637-11,0,0,0,0.1,0,0,offset from Elin Darelius
ct70-638-11,0,0,0,0.19,0,0,offset from Elin Darelius
ct70-640-11,0,0,0,0.14,0,0,offset from Elin Darelius
ct70-642-11,0,0,0,0.14,0,0,offset from Elin Darelius
ct70-643-11,0,0,0,0.07,0,0,offset from Elin Darelius
ct70-650-11,0,0,0,0.13,0,0,offset from Elin Darelius
ct71-01-10,0,0,0,0,0,0,no comment
ct71-02-10,0,0,0,0,0,0,no comment
ct71-03-11,0,0,0,0,0,0,no comment
ct71-04-11,0,0,0,0,0,0,no comment
ct73-846-11,0,0,0,-0.02,0,0,no comment
ct73-GG335-11,0,0,0,0.13,0,0,no comment
ct73-OO052-11,0,0,0,0.07,0,0,no comment
ct73-RR217-11,0,0,0,-0.11,0,0,no comment
ct73-WW061-11,0,0,0,-0.05,0,0,no comment
ct73-YY039-11,0,0,0,0.12,0,0,no comment
ct74-698-11,0,0,0,0,1,0,no comment
ct74-698r-11,0,0,0,0.28,0,0,no comment
ct74-702-11,0,0,0,0.66,0,0,no comment
ct74-707-11,0,0,0,0,0,0,no comment
ct74-709-11,0,0,0,0.72,0,0,no comment
ct74-710-11,0,0,0,0.12,0,0,no comment
ct74-711-11,0,0,0,0,0,0,no comment
ct74-712-11,0,0,0,0.42,0,0,no comment
ct74-720-11,0,0,0,-0.02,0,0,no comment
ct74-721-11,0,0,0,-0.56,0,0,no comment
ct74-722-11,0,0,0,0.18,0,0,no comment
ct74-723-11,0,0,0,0.15,0,0,no comment
ct74-724-11,0,0,0,0,1,0,no comment
ct74-724r-11,0,0,0,-0.55,0,0,no comment
ct74-757-11,0,0,0,0.56,0,0,no comment
ct74-794-11,0,0,0,-0.78,0,0,no comment
ct74-795-11,0,0,0,0,1,0,no comment
ct74-795r-11,0,0,0,-0.55,0,0,no comment
ct74-796-11,0,0,0,-0.01,0,0,no comment
ct74-rb426-11,0,0,0,0.53,0,0,no comment
ct74-rb431-11,0,0,0,0,0,0,no comment
ct74-rb435-11,0,0,0,0.61,0,0,no comment
ct75-020-11,0,0,0,0.1,0,0,no comment
ct75-030-11,0,0,0,0.1,0,0,no comment
ct75-048-11,0,0,0,0,1,0,no comment
ct75-056-11,0,0,0,0,1,0,no comment
ct75-838-11,0,0,0,0.15,0,0,no comment
ct75-839-11,0,0,0,-0.1,0,0,no comment
ct75-Cy32-11,0,0,0,0.07,0,0,no comment
ct76-073-11,0,0,0,0,0,0,no comment
ct76-364-11,0,0,0,0,1,0,no comment
ct76-364r-11,0,0,0,0,0,0,no comment
ct76-402-11,0,0,0,0,0,0,no comment
ct76-825-11,0,0,0,0,0,0,no comment
ct77-167-12,0,0.07,0,0.08,0,0,no comment
ct77-169-12,0,0,0,0,1,0,no comment
ct77-170-12,0,0,0,0.14,0,0,no comment
ct77-171-12,0,0.01,0,0.07,0,0,no comment
ct77-173-12,0,0,0,0,1,0,no comment
ct77-177-12,0,-0.05,-0.1,0.32,0,0,no comment
ct77-178-12,0,0,0,0.11,0,0,no comment
ct77-179-12,0,0,-0.08,0.01,0,0,no comment
ct77-180-12,0,0.05,-0.16,0.05,0,0,no comment
ct77-181-12,0,0.01,-0.1,0.06,0,0,no comment
ct77-182-12,0,-0.01,0,0.02,0,0,no comment
ct77-183-12,0,0,0,0,1,0,no comment
ct77-184-12,0,-0.01,-0.17,0.24,0,0,no comment
ct77-185-12,0,0.12,0,0.04,0,0,no comment
ct77-469-12,0,-0.03,0.05,-0.04,0,0,no comment
ct77-473-12,0,0.02,0,0.04,0,0,no comment
ct77-485-12,0,0,-0.05,0.05,0,0,no comment
ct77-492-12,0,0.04,0,0.02,0,0,no comment
ct77-652-12,0,0,-0.05,0.07,0,0,no comment
ct77-701-12,0,0,0.05,0.08,0,0,no comment
ct77-823-12,0,0.01,0.1,0.04,0,0,no comment
ct77-824-12,0,-0.01,0.1,0.04,0,0,no comment
ct77-854-12,0,0,0,0.07,0,0,no comment
ct77-891-12,0,0,0,0.07,0,0,no comment
ct77-919-12,0,0,0,0.09,0,0,no comment
ct78-450-12,0,-0.01,0.02,0.06,0,0,no comment
ct78-459-12,0,0.3,-0.19,0.04,0,0,no comment
ct78-460-12,0,0.02,0.01,-0.05,0,1,no comment
ct78-461-12,0,-0.24,-0.08,0.28,0,0,no comment
ct78-465-12,0,-0.15,0.01,0.23,0,0,no comment
ct78-471-12,0,0,0,0,1,0,no comment
ct78-472-12,0,-0.03,0,0.07,0,0,no comment
ct78-497-12,0,0.04,0,0.03,0,0,no comment
ct78-498-12,0,0.1,-0.24,0.12,0,0,no comment
ct78-523-12,0,0.01,0,0.13,0,0,no comment
ct78-700-12,0,-0.01,0.11,0.1,0,0,no comment
ct78-706-12,0,0.01,0.01,0.07,0,0,no comment
ct78-758-12,0,0,0,0.06,0,1,no comment
ct78-820-12,0,-0.01,0.02,0.1,0,1,no comment
ct78-821-12,0,-0.01,0.11,0.01,0,0,no comment
ct78-826-12,0,-0.02,0,0.05,0,0,no comment
ct78-828-12,0,0.01,0,0.11,0,0,no comment
ct78-829-12,0,-0.02,0,-0.02,0,0,no comment
ct78-851-12,0,-0.02,-0.01,0.16,0,0,no comment
ct78-852-12,0,-0.02,0.06,0.06,0,0,no comment
ct78-875-12,0,0.01,0,0.03,0,0,no comment
ct78-878-12,0,0,0,0,1,0,no comment
ct78-879-12,0,0,0,0,1,0,no comment
ct78-892-12,0,0,0,0.09,0,0,no comment
ct78d-760-11,0,-0.01,0,0.05,0,0,no comment
ct78d-D351-11,0,-0.01,0,0.07,0,0,no comment
ct78d-D358-11,0,-0.05,0.06,0.12,0,0,no comment
ct78d-D361-11,0,0,-0.01,0.08,0,0,no comment
ct78d-D362-11,0,0,0.11,0.02,0,0,no comment
ct78d-D398-11,0,0.03,0.01,0.05,0,0,no comment
ct78d-D400-11,0,-0.07,0.05,0.15,0,0,no comment
ct78d-D408-11,0,0,0,0.03,0,1,no comment
ct78d-D484-11,0,-0.36,0,0.47,0,0,no comment
ct78d-D487-11,0,0.03,-0.1,0.1,0,0,no comment
ct78d-D489-11,0,0.06,0,0,0,0,no comment
ct78d-D496-11,0,0,0.02,0.08,0,0,no comment
ct78d-D677-11,0,-0.18,0.04,0.25,0,0,no comment
ct78d-D703-11,0,-0.02,0.02,0.13,0,0,no comment
ct78d-D704-11,0,-0.02,-0.04,0.04,0,0,no comment
ct78d-D761-11,0,-0.02,0.02,0.11,0,0,no comment
ct78d-D822-11,0,0.05,0.03,0.58,0,0,no comment
ct78d-D827-11,0,-0.02,0.01,0.06,0,0,no comment
ct78d-D850-11,0,-0.01,-0.05,0.09,0,0,no comment
ct78d-D876-11,0,0.03,0.09,0.12,0,0,no comment
ct78d-D877-11,0,0.02,0.1,0.02,0,0,no comment
ct79-238-12,0,0,0,0.1,0,0,no comment
ct79-242-12,0,0,0,0.1,0,0,no comment
ct79-249-12,0,0,0,0,1,0,no comment
ct79-259-12,0,0,0,0,0,0,no comment
ct8-26626-05,0,0,0.15,0.5,0,0,no comment
ct8-2849-05,0,0,0,0.2,0,0,no comment
ct8-28494-05,0,0,0.1,1.3,0,0,no comment
ct8-Aspasia-05,0,0,0.1,0.25,0,0,no comment
ct8-Bernt-05,0,0,0.25,0.45,0,0,no comment
ct8-Busen-05,0,0,0.05,0.35,0,0,no comment
ct8-Carlita-05,0,0,-0.05,0.25,0,0,no comment
ct8-Hercules-05,0,0,0,0.4,0,0,no comment
ct8-Jason-05,0,0,0,0,1,0,no comment
ct8-Rosita-05,0,0,0,0,0,1,no comment
ct8-Rudolph-05,0,0,0.05,0.25,0,0,no comment
ct8-Soern-05,0,0,0,0,0,1,no comment
ct8-Undine-05,0,0,0.1,0.2,0,0,no comment
ct80-01_Rib-11,0,0,0,0,0,0,no comment
ct80-03_Spot-11,0,0,0,0,1,0,no comment
ct80-04_Spot-11,0,0,0,0,0,0,no comment
ct80-05_Lion-12,0,0,0,0,0,0,no comment
ct80-06_Lion-11,0,0,0,0,0,0,no comment
ct80-08_Fur-11,0,0,0,0,0,0,no comment
ct80-09_Fur-11,0,0,0,0,0,0,no comment
ct80-10_Fur-11,0,0,0,0,0,0,no comment
ct81-F310Olga-11,0,0,0,0,0,0,no comment
ct81-F336Isabella-11,0,0,0,0,0,0,no comment
ct81-F340Joy-11,0,0,0,0,0,0,no comment
ct81-F385Rusty-11,0,0,0,0,0,0,no comment
ct81-M250Ferdinan-11,0,0,0,0,0,0,no comment
ct82-263-11,0,0,-0.05,-0.1,0,0,no comment
ct82-924-11,0,0,0,0,1,0,no comment
ct83-859-13,0,0,0,0.1,0,0,no comment
ct84-254-12,0,0,-0.064,0,0,0,no comment
ct84-533-12,0,-0.03,-0.013,0,0,0,no comment
ct84-744-12,0,-0.01,0.02,0.08,0,0,no comment
ct85-237-12,0,0,0,0,0,0,no comment
ct85-245-12,0,0,0,0,0,0,no comment
ct85-246-12,0,0,0,0,0,0,no comment
ct85-250-12,0,0,0,0.1,0,0,no comment
ct85-252-12,0,0,0,0.05,0,0,no comment
ct85-254-12,0,0,0,0,0,0,no comment
ct85-257-12,0,0,0,0,0,0,no comment
ct85-44-13,0,0.05,0,-0.05,0,0,no comment
ct86-172-12,0,0,0,0,0,0,no comment
ct86-186-12,0,0,0,0,0,0,no comment
ct86-187-12,0,0,0,0,0,0,no comment
ct86-189-12,0,0,0,0,1,0,no comment
ct86-239-12,0,0,0,0,0,0,no comment
ct86-364_2-11,0,0,0,0,0,0,no comment
ct86-402_2-11,0,0,0,0,0,0,no comment
ct87-188-12,0,0,0,0,0,0,no comment
ct87-190-12,0,0,0,0,1,0,no comment
ct87-923-12,0,0,0,0.05,0,0,no comment
ct88-225-12,0,0,0,-0.4,0,0,no comment
ct88-226-12,0,0,0,0.25,0,0,no comment
ct88-227-12,0,0,0,0.3,0,0,no comment
ct88-228-12,0,0,0,0.4,0,0,no comment
ct88-229-12,0,0,0,0.4,0,0,no comment
ct88-230-12,0,0,0,0.7,0,0,no comment
ct88-231-12,0,0,0,0.4,0,0,no comment
ct88-232-12,0,0,0,0.4,0,0,no comment
ct88-233-12,0,0,0,0.7,0,0,no comment
ct88-234-12,0,0,0,1.2,0,0,no comment
ct88-235-12,0,0,0,0.2,0,0,no comment
ct88-240-12,0,0,0,0.6,0,0,no comment
ct88-243-12,0,0,0,0.2,0,0,no comment
ct88-244-12,0,0,0,0,0,0,no comment
ct88-247-12,0,0,0,0.2,0,0,no comment
ct88-258-12,0,0,0,0.4,0,0,no comment
ct88-698-12,0,0,0,0,1,0,no comment
ct88-724-12,0,0,0,0,1,0,no comment
ct88-795-12,0,0,0,0.5,0,0,no comment
ct89-302-12,0,0,0,-0.03,0,0,no comment
ct89-302b-12,0,0,0,-0.02,0,0,no comment
ct89-328-12,0,0,0,0.06,0,0,no comment
ct89-328b-12,0,0,0,0.09,0,0,no comment
ct9-26342-05,0,0,0,0,0,1,no comment
ct9-28587-05,0,0,0,0.15,0,0,no comment
ct9-28590-05,0,0,0,0,0,0,no comment
ct9-28591-05,0,0,0,0.5,0,0,no comment
ct9-28595-05,0,0,0,0,0,1,no comment
ct9-28597-05,0,0.1,0,0.3,0,0,no comment
ct90-064-12,0,0,0,0.1,1,0,no comment
ct90-317-12,0,0,0,0.03,0,0,no comment
ct91-305-12,0,0,0,0,0,0,no comment
ct91-326-12,0,0,0,0,0,0,no comment
ct91-327-12,0,0,0,0,0,0,no comment
ct91-329-12,0,0,0,0,0,0,no comment
ct91-411-12,0,0,0,0,0,0,no comment
ct91-412-12,0,0,0,0,0,0,no comment
ct91-414-12,0,0,0,0,0,0,no comment
ct91-417-12,0,0,0,0,0,0,no comment
ct91-418-12,0,0,0,0,0,0,no comment
ct92-M280Duke-12,0,0,0,0,0,0,no comment
ct92-M305Pete-12,0,0,0,0,0,0,no comment
ct93-F34Tangles-12,0,0,0,0,0,0,no comment
ct93-F35Holly-12,0,0,0,0,0,0,no comment
ct93-F40Sparkey-12,0,0,0,0,0,0,no comment
ct93-F56Fay-12,0,0,0,0,0,0,no comment
ct93-F62Hope-12,0,0,0,0,0,0,no comment
ct93-M38Tarek-12,0,0,0,0,0,0,no comment
ct93-M44Wally-12,0,0,0,0,1,0,no comment
ct93-M46Randy-12,0,0,0,0,1,0,no comment
ct94-F61Dot-12,0,0,0,0,0,0,no comment
ct94-F61Grete-12,0,0,0,0,0,0,no comment
ct94-F64Garbo-12,0,0,0,0,0,0,no comment
ct94-M100Leo-12,0,0,0,0,0,0,no comment
ct94-M103Samson-12,0,0,0,0,0,0,no comment
ct94-M60Alice-12,0,0,0,0,0,0,no comment
ct94-M60Derek-12,0,0,0,0,1,0,no comment
ct94-M60Derek_rec-12,0,0,0,0,0,0,no comment
ct94-M74Dusty-12,0,0,0,0,0,0,no comment
ct94-M88Rocky-12,0,0,0,0,0,0,no comment
ct94-M89Tiggs-12,0,0,0,0,1,0,no comment
ct95-C1-12,0,0,0,0.03,0,0,no comment
ct95-C2-12,0,0,0,-0.02,0,0,no comment
ct96-01-13,0,0,0,-0.13,0,0,no comment
ct96-02-13,0,0,0,0.05,0,0,no comment
ct96-03-13,0,0,0,0.03,0,0,no comment
ct96-05-13,0,0.02,0,-0.03,0,0,no comment
ct96-06-13,0,0,0,-0.1,0,0,no comment
ct96-07-13,0,0,0,-0.1,0,0,no comment
ct96-08-13,0,0,0,-0.01,0,0,no comment
ct96-09-13,0,0.01,-0.02,-0.03,0,0,no comment
ct96-10-13,0,0,0.05,-0.1,0,0,no comment
ct96-11-13,0,0,-0.04,-0.02,0,0,no comment
ct96-12-13,0,0.02,0,-0.16,0,0,no comment
ct96-13-13,0,0,0,0,1,0,no comment
ct96-14-13,0,0,0,-0.03,0,0,no comment
ct96-15-13,0,0,0,0,1,0,no comment
ct96-16-13,0,0.04,0,-0.01,0,0,no comment
ct96-17-13,0,0,0,-0.02,0,0,no comment
ct96-18-13,0,0,-0.03,-0.07,0,0,no comment
ct96-19-13,0,0,-0.02,-0.04,0,0,no comment
ct96-20-13,0,0,0,-0.14,0,0,no comment
ct96-21-13,0,-0.05,0,0,0,0,no comment
ct96-22-13,0,0,0.02,-0.05,0,0,no comment
ct96-23-13,0,0,0.03,-0.05,0,0,no comment
ct96-24-13,0,0.02,0,-0.06,0,0,no comment
ct96-25-13,0,-0.03,0.02,-0.06,0,0,no comment
ct96-26-13,0,0.02,-0.08,-0.08,0,0,no comment
ct96-27-13,0,0,-0.02,-0.1,0,0,no comment
ct96-28-13,0,0,0.03,-0.1,0,0,no comment
ct96-29-13,0,0,0,-0.01,0,0,no comment
ct96-30-13,0,0.04,0,-0.05,0,0,no comment
ct97-Ph02-13,0,0,0,0,1,0,no comment
ct98-31-13,0,0,0,0.02,0,0,no comment
ct98-33-13,0,0,0.1,0,0,0,no comment
ct98-34-13,0,0,0.05,0.03,0,0,no comment
ct98-35-13,0,0,0,0.02,0,0,no comment
ct98-36-13,0,0,0.06,-0.02,0,0,no comment
ct98-38-13,0,0,0,-0.01,0,0,no comment
ct98-39-13,0,0,0.05,0.02,0,0,no comment
ct98-40-13,0,0,0,0.04,0,0,no comment
ct98-41-13,0,0,0,0.09,0,0,no comment
ct98-42-13,0,0,0.03,0.1,0,0,no comment
ct98-43-13,0,0,-0.05,0.1,0,0,no comment
ct98-45-13,0,0,0,0.03,0,0,no comment
ct98-46-13,0,0,-0.03,0.5,0,0,no comment
ct98-47-13,0,0,0,0.06,0,0,no comment
ct98-48-13,0,0,0.05,0.02,0,0,no comment
ct98-49-13,0,0,-0.05,0.05,0,0,no comment
ct98-50-13,0,0,0.02,0.02,0,0,no comment
ct99-LB037-13,0,0,0,0.01,0,0,no comment
ct99-OO052-13,0,0,0,0.1,0,0,no comment
ct99-YY189-13,0,0,0,0.12,0,0,no comment
eb03-058-15,0,0,0,0,0,0,no comment
eb03-059-15,0,0,0,0,0,0,no comment
eb03-060-15,0,0,0,0,0,0,no comment
eb03-061-15,0,0,0,0,0,0,no comment
eb04-001-16,0,0,0,0,0,0,no comment
eb04-002-16,0,0,0,0,0,0,no comment
eb04-005-16,0,0,0,0,0,0,no comment
eb04-006-16,0,0,0,0,0,0,no comment
eb04-009-16,0,0,0,0,0,0,no comment
eb04-017-16,0,0,0,0,0,0,no comment
eb04-019-16,0,0,0,0,0,0,no comment
eb04-020-16,0,0,0,0,0,0,no comment
eb04-021-16,0,0,0,0,0,0,no comment
eb04-028-16,0,0,0,0,0,0,no comment
eb04-031-16,0,0,0,0,0,0,no comment
eb04-032-16,0,0,0,0,0,0,no comment
eb04-056-15,0,0,0,0,0,0,no comment
eb04-323-16,0,0,0,0,0,0,no comment
eb04-325-16,0,0,0,0,0,0,no comment
eb04-335-16,0,0,0,0,0,0,no comment
eb04-340-16,0,0,0,0,0,0,no comment
eb04-342-16,0,0,0,0,0,0,no comment
eb04-343-16,0,0,0,0,0,0,no comment
eb04-345-16,0,0,0,0,0,0,no comment
eb04-347-16,0,0,0,0,0,0,no comment
eb04-349-16,0,0,0,0,0,0,no comment
eb04-351-16,0,0,0,0,0,0,no comment
eb04-355-16,0,0,0,0,0,0,no comment
eb04-606-17,0,0,0,0,0,0,no comment
eb04-607-17,0,0,0,0,0,0,no comment
eb04-608-17,0,0,0,0,0,0,no comment
eb04-610-17,0,0,0,0,0,0,no comment
eb04-612-17,0,0,0,0,0,0,no comment
eb04-890-18,0,0,0,0,0,0,no comment
ft01-Fluoro1-07,0,0,0,0,1,0,no comment
ft01-Fluoro2-07,0,-0.03,0.05,0.1,0,0,no comment
ft02-A-09,0,0,0,0,0,0,no comment
ft02-C-09,0,0.02,0.05,0.05,0,0,no comment
ft02-E-09,0,0,0,0,0,0,no comment
ft02-F-09,0,0,0,0.1,0,0,no comment
ft02-G-09,0,0,0,0.07,0,0,no comment
ft02-H-09,0,0,-0.15,0.01,0,0,no comment
ft02-I-09,0,0,0,0,1,0,no comment
ft02-J-09,0,0,0,0.1,0,0,no comment
ft03-Cy1-09,0,0,0,-0.02,0,0,no comment
ft03-Cy11038-09,0,0,-0.02,-0.02,0,0,no comment
ft03-Cy2-09,0,0,0.04,0.06,0,0,no comment
ft03-Cy3-09,0,0,0.03,-0.04,0,0,no comment
ft03-Cy4-09,0,0,-0.1,0.05,0,0,no comment
ft03-Cy5-09,0,0,0.028,0.03,0,0,no comment
ft04-Cy07-10,0,0,0.05,-0.02,0,0,no comment
ft04-Cy08-10,0,0,0,0,1,0,no comment
ft04-Cy09-10,0,0,0.03,0.12,0,0,no comment
ft04-Cy10-10,0,0,0.03,0.05,0,0,no comment
ft04-Cy11-10,0,0,0,-0.05,0,0,no comment
ft05-F34Gina-10,0,0,0,0,0,0,no comment
ft05-F40Fifi-10,0,0.2,0,0,0,0,no comment
ft05-F43Sarah-10,0,0,0,0,0,0,no comment
ft05-F52Bridgette-10,0,0,0,0,0,0,no comment
ft05-M34Bob-10,0,0,0,0,0,0,no comment
ft05-M36Herman-10,0,-0.2,0,0,0,0,no comment
ft05-M52Molly-10,0,0,0,0,0,0,no comment
ft05-M60Sophie-10,0,0,0,0,0,0,no comment
ft05-M62SimonPierre-10,0,0,0,0,0,0,no comment
ft06-Cy12-10,0,0,-0.13,0,0,0,no comment
ft06-Cy14-10,0,0,-0.052,0.02,0,0,no comment
ft06-Cy16-10,0,0,-0.071,0,0,0,no comment
ft06-Cy17-10,0,0,-0.12,-0.15,0,0,no comment
ft06-Cy18-10,0,0,0.043,0.02,0,0,no comment
ft06-Cy19-10,0,0,-0.02,0.03,0,0,no comment
ft06-Cy20-10,0,0,0,-0.07,0,0,no comment
ft06-Mm13-10,0,0,0,0,0,0,no comment
ft06-Ox01-10,0,0,0.03,0.04,0,0,no comment
ft07-Cy21-11,0,0,-0.07,0.05,0,0,no comment
ft07-Cy22-11,0,0,-0.05,0.02,0,0,no comment
ft07-Cy23-11,0,0,0,0,1,0,no comment
ft07-Cy24-11,0,0,0.048,0.06,0,0,no comment
ft07-Cy25-11,0,0,0.05,0.02,0,0,no comment
ft07-Cy26-11,0,0,-0.02,0.1,0,0,no comment
ft07-Cy27-11,0,0,0.03,0.02,0,0,no comment
ft07-Cy28-11,0,0,0.04,0.1,0,0,no comment
ft07-Cy29-11,0,0,0.042,0,0,0,no comment
ft07-Cy30-11,0,0,0,0,1,0,no comment
ft08-F61Mari-11,0,0,0,0,0,0,no comment
ft08-F66Lilly-11,0,0,0,0,0,0,no comment
ft08-F72Jill-11,0,0,0,0,0,0,no comment
ft08-F73Delilah-11,0,0,0,0,0,0,no comment
ft08-F76Lucy-11,0,0,0,0,0,0,no comment
ft08-F99Zilla-11,0,0,0,0,0,0,no comment
ft08-M100Samson-11,0,0,0,0,0,0,no comment
ft08-M55Bobben-11,0,0,0,0,0,0,no comment
ft08-M57Jack-11,0,0,0,0,0,0,no comment
ft08-M81Brutus-11,0,0,0,0,0,0,no comment
ft08-M90Zues-11,0,0,0,0,0,0,no comment
ft09-048-11,0,0,0,0.2,0,1,no comment
ft10-Cy20-11,0,0,0.1,-0.2,0,0,no comment
ft10-Cy31-11,0,0,0.15,0,0,0,no comment
ft10-Cy33-11,0,0,0.021,0.01,0,0,no comment
ft10-Cy34-11,0,0,0,0.02,0,0,no comment
ft10-Cy35-11,0,0,-0.002,0,0,0,no comment
ft10-Ox02-11,0,0,-0.0018,0,0,0,no comment
ft10-Ox03-11,0,0,-0.064,0,0,0,no comment
ft10-Ox04-11,0,0,-0.072,-0.1,0,0,no comment
ft10-Ox05-11,0,0,0.03,-0.1,0,0,no comment
ft11-Cy07b-12,0,0,0.05,-0.01,0,0,no comment
ft11-Cy26b-12,0,0,0.02,0.02,0,0,no comment
ft11-Cy28b-12,0,0,0,0,1,0,no comment
ft11-Cy30b-12,0,0,0,0,1,0,no comment
ft12-Cy35-12,0,0,0.01,0.04,0,0,no comment
ft12-F1-12,0,0,0,-0.1,0,0,no comment
ft12-F2-12,0,0,-0.05,-0.05,0,0,no comment
ft12-F3-12,0,0,0,0,0,1,no comment
ft12-F4-12,0,0,-0.05,-0.04,0,0,no comment
ft12-Ox03-12,0,0,0,-0.1,0,0,no comment
ft12-Ox04-12,0,0,0,0,0,0,no comment
ft13-073_3-13,0,0,0,0,0,0,no comment
ft13-615-12,0,0,0,0,0,0,no comment
ft13-616-12,0,0,0,0,1,0,no comment
ft13-616_recov-12,0,0,0,0,0,0,no comment
ft13-618-12,0,0,0,0,0,0,no comment
ft13-627-12,0,0,0,0,0,0,no comment
ft13-628-12,0,0,0,0,1,0,no comment
ft13-628_recov-12,0,0,0,0,0,0,no comment
ft13-633-12,0,0,0,0,1,0,no comment
ft13-633_recov-12,0,0,0,0,0,0,no comment
ft14-C1-13,0,0,0,0,0,0,no comment
ft14-F4-13,0,0,0,0,0,0,no comment
ft15-F1-13,0,0,0,0,0,1,no comment
ft15-F2-13,0,0,0,0,0,1,no comment
ft17-F03-14,0,0,0,0,1,1,no comment
ft17-F04-14,0,0,0,0,1,1,no comment
ft17-F05-14,0,0,0,0,1,1,no comment
ft17-F06-14,0,0,0,0,1,1,no comment
ft17-F07-14,0,0,0,0,0,1,no comment
ft17-F08-14,0,0,0,0,1,1,no comment
ft17-F09-14,0,0,0,0,0,1,no comment
ft17-F10-14,0,0,0,0,1,1,no comment
ft17-F11-14,0,0,0,0,1,1,no comment
ft17-F12-14,0,0,0,0,1,1,no comment
ft17-F13-14,0,0,0,0,0,1,no comment
ft17-F15-14,0,0,0,0,0,1,no comment
ft17-F16-14,0,0,0,0,0,1,no comment
ft17-F17-14,0,0,0,0,0,1,no comment
ft17-F18-14,0,0,0,0,0,1,no comment
ft17-F19-14,0,0,0,0,0,1,no comment
ft17-F20-14,0,0,0,0,1,1,no comment
ft17-F21-14,0,0,0,0,0,1,no comment
ft17-F22-14,0,0,0,0,0,1,no comment
ft18-13f-13,0,0,0,0,0,0,no comment
ft18-C2-13,0,0,0,0.1,0,0,no comment
ft18-C2R-13,0,0,0,0,0,0,no comment
ft18-F1-12,0,0,0,0,1,0,no comment
ft18-F2-12,0,0,0,-0.1,0,1,no comment
ft18-F4-12,0,0,0,-0.06,0,1,no comment
ft19-221-14,0,0,0,0,0,0,no comment
ft19-222-14,0,0,0,0,0,0,no comment
ft19-633_rebat2-14,0,0,0,0,0,0,no comment
ft20-241-16,0,0,0,0,1,0,no comment
ft20-242-16,0,0,0,0,0,0,no comment
ft20-243-16,0,0,0,-0.1,0,0,no comment
ft20-244-16,0,0,0,0,0,0,no comment
ft20-245-16,0,0,0,0,1,0,no comment
ft20-S246-16,0,0,0,0,1,0,no comment
ft20-S247-16,0,0,0,0,1,0,no comment
ft20-S248-16,0,0,0,0.04,0,0,no comment
ft20-S249-16,0,0,0,0,1,0,no comment
ft20-S250-16,0,0,0,0,0,0,no comment
ft21-423-16,0,0,0,0.02,0,0,no comment
ft21-675-17,0,0,0,0,1,0,no comment
ft21-683-17,0,0,0,0,1,0,no comment
ft22-686-18,0,0,0,0,0,0,no comment
ft22-873-18,0,0,0,-0.01,0,0,no comment
ft22-874-18,0,0,0,0,0,0,no comment
ft22-875-18,0,0,0,0.02,0,0,no comment
ft22-876-18,0,0,0,0,0,0,no comment
ft22-877-18,0,0,0,0,0,0,no comment
ft22-878-18,0,0,0,0,0,0,no comment
ft22-879-18,0,0,0,0,0,0,no comment
ft22-881-18,0,0,0,0,0,0,no comment
ft22-882-18,0,0,0,0,1,0,no comment
ft23-C899-18,0,0,0,0.05,0,0,no comment
ft23-C900-18,0,0,0,0,1,0,problem locations + salinity
ft23-C901-18,0,0,0,0.05,0,0,no comment
ft23-C902-18,0,0,0,0,0,0,no comment
ft23-C903-18,0,0,0,0,0,0,no comment
ft23-F676-18,0,0,0,0.02,0,0,no comment
ft23-F781-18,0,0,0,0,0,0,no comment
ft23-F905-18,0,0,0,0,1,0,no comment
ft24-917-18,0,0,0,0.01,0,0,no comment
ft24-918-18,0,0,0,0,0,0,no comment
ft24-919-18,0,0,0,-0.01,0,0,no comment
ft24-920-18,0,0,0,0.04,0,0,no comment
ft24-921-18,0,0,0,0,0,0,no comment
ft25-246BAT-14,0,0,0,0,1,0,no comment
ft25-248BAT-14,0,0,0,0,1,0,no comment
ft25-912-18,0,0,0,0,1,0,no comment
ft25-914-18,0,0,0,0,1,0,no comment
ft26-941BAT2-13,0,0,0,0,1,0,no comment
hd2bb-9340-04,0,0,0,0,0,0,no comment
hd2f-9257-04,0,0,0,0,0,0,no comment
hd2f-9316-04,0,0,0,0,0,0,no comment
hd2f-9337-04,0,0,0,0,0,0,no comment
hd2f-9350-04,0,0,0,0,0,0,no comment
hd2f-9364-04,0,0,0,0,0,0,no comment
hd2g-9409-04,0,0,0,0,0,0,no comment
hd2g-9411-04,0,0,0,0,0,0,no comment
hd2g-9412-04,0,0,0,0,0,0,no comment
hd2g-9419-04,0,0,0,0,0,0,no comment
hd2g-9421-04,0,0,0,0,0,0,no comment
hd2g-9426-04,0,0,0,0,0,0,no comment
hd3-76-08,0,0,0,0,0,0,no comment
hd3-77-08,0,0,0,0,0,0,no comment
hd3-78-08,0,0,0,0,0,0,no comment
hd3-79-08,0,0,0,0,0,0,no comment
hd3-80-08,0,0,0,0,0,0,no comment
hd3-81-08,0,0,0,0,0,0,no comment
hd3-82-08,0,0,0,0,0,0,no comment
hd3-CTD453-08,0,0,0,0,0,0,no comment
hd5bb-9304-05,0,0,0,0,0,0,no comment
hd5bb-9311-05,0,0,0,0,0,0,no comment
hd5bb-9318-05,0,0,0,0,0,0,no comment
hd5bb-9329-05,0,0,0,0,0,0,no comment
hd6-D-07,0,0,0,0,0,0,no comment
hd6-E-07,0,0,0,0,0,0,no comment
hd6-F-07,0,0,0,0,0,0,no comment
hg19-199-08,0,0,0,0,0,0,no comment
hg19-210-11,0,0,0,0,0,0,no comment
hg19-231-11,0,0,0,0,1,0,no comment
hg19-374-08,0,0,0,0,0,0,no comment
hg37-604-12,0,0,0,0,0,0,no comment
hg37-605-12,0,0,0,0,0,0,no comment
hg37-606-12,0,0,0,0,0,0,no comment
hg37-607-12,0,0,0,0,0,0,no comment
hg37g-660-12,0,0,0,0,0,0,no comment
hg4-9305-04,0,0,0,0,0,0,no comment
hg4-9347-04,0,0,0,0,0,0,no comment
hg4-9356-04,0,0,0,0,0,0,no comment
hg4-9357-04,0,0,0,0,0,0,no comment
hg4-9359-04,0,0,0,0,0,0,no comment
hg4-9360-04,0,0,0,0,0,0,no comment
hg4-9362-04,0,0,0,0,0,0,no comment
hg4-9368-04,0,0,0,0,0,0,no comment
hg4-9369-04,0,0,0,0,0,0,no comment
hg4-9370-04,0,0,0,0,0,0,no comment
hg4-9373-04,0,0,0,0,0,0,no comment
hg4-9374-04,0,0,0,0,0,0,no comment
hg4-9375-04,0,0,0,0,0,0,no comment
hg4-9376-04,0,0,0,0,0,0,no comment
hg4-9377-04,0,0,0,0,0,0,no comment
hg4-9381-04,0,0,0,0,0,0,no comment
hg4-9383-04,0,0,0,0,0,0,no comment
hg4-9384-04,0,0,0,0,0,0,no comment
hg4-9385-04,0,0,0,0,0,0,no comment
hg4-9386-04,0,0,0,0,0,0,no comment
hg4-9387-04,0,0,0,0,0,0,no comment
hg4-9388-04,0,0,0,0,0,0,no comment
hg4-9389-04,0,0,0,0,0,0,no comment
hg4-9393-04,0,0,0,0,0,0,no comment
hg4-9394-04,0,0,0,0,0,0,no comment
hg4-9395-04,0,0,0,0,0,0,no comment
hg4-9396-04,0,0,0,0,0,0,no comment
hg4-9401-04,0,0,0,0,0,0,no comment
hg4-9403-04,0,0,0,0,0,0,no comment
hg4-9404-04,0,0,0,0,0,0,no comment
hg4-9405-04,0,0,0,0,0,0,no comment
hg4-9406-04,0,0,0,0,0,0,no comment
hg4-9407-04,0,0,0,0,0,0,no comment
hg4-9408-04,0,0,0,0,0,0,no comment
hg4-9414-04,0,0,0,0,0,0,no comment
hg4-9415-04,0,0,0,0,0,0,no comment
hg4-9416-04,0,0,0,0,0,0,no comment
hg4-9417-04,0,0,0,0,0,0,no comment
hg4-9418-04,0,0,0,0,0,0,no comment
hg4-9423-04,0,0,0,0,0,0,no comment
hg4-9705-04,0,0,0,0,0,0,no comment
hg4-9706-04,0,0,0,0,0,0,no comment
hg4-9707-04,0,0,0,0,0,0,no comment
hg4-9708-04,0,0,0,0,0,0,no comment
hg4-9710-04,0,0,0,0,0,0,no comment
hg42-P13-14,0,0,0,0,0,0,no comment
hg47-C1-15,0,0,0,0,0,1,no comment
hg47-C2-15,0,0,0,0,0,1,no comment
hg47-D2-15,0,0,0,0,0,1,no comment
hg9-10080-07,0,0,0,0,0,0,no comment
hg9-10134-07,0,0,0,0,0,0,no comment
hg9-10135-07,0,0,0,0,0,0,no comment
hp2-9303-04,0,0,0,0,0,0,no comment
hp2-9306-04,0,0,0,0,0,0,no comment
hp2-9310-04,0,0,0,0,0,0,no comment
hp2-9312-04,0,0,0,0,0,0,no comment
hp2-9319-04,0,0,0,0,0,0,no comment
hp2-9320-04,0,0,0,0,0,0,no comment
hp2-9321-04,0,0,0,0,0,0,no comment
hp2-9325-04,0,0,0,0,1,0,no comment
hp2-9326-04,0,0,0,0,0,0,no comment
hp2-9327-04,0,0,0,0,0,0,no comment
hp2-9328-04,0,0,0,0,0,0,no comment
hp2-9330-04,0,0,0,0,0,0,no comment
hp2-9331-04,0,0,0,0,0,0,no comment
hp2-9332-04,0,0,0,0,0,0,no comment
hp2-9333-04,0,0,0,0,0,0,no comment
hp2-9334-04,0,0,0,0,1,0,no comment
hp2-9348-04,0,0,0,0,1,0,no comment
hp2-9349-04,0,0,0,0,0,0,no comment
hp2-9361-04,0,0,0,0,0,0,no comment
kp01-278-14,0,0,0,0,1,0,no comment
kp01-298-14,0,0,0,0,1,0,no comment
rs11-482-12,0,0,0,0,0,0,no comment
rs11-483-12,0,0,0,0,0,0,no comment
rs11-484-12,0,0,0,0,0,0,no comment
rs11-485-12,0,0,0,0,0,0,no comment
rs11-486-12,0,0,0,0,0,0,no comment
rs11-487-12,0,0,0,0,0,0,no comment
rs11-488-12,0,0,0,0,0,0,no comment
rs11-489-12,0,0,0,0,0,0,no comment
rs11-490-12,0,0,0,0,0,0,no comment
rs11-491-12,0,0,0,0,0,0,no comment
rs11-492-12,0,0,0,0,0,0,no comment
rs11-493-12,0,0,0,0,0,0,no comment
rs11-494-12,0,0,0,0,0,0,no comment
rs11-495-12,0,0,0,0,0,0,no comment
rs11-496-12,0,0,0,0,0,0,no comment
rs14-527-12,0,0,0,0,0,0,no comment
rs14-528-12,0,0,0,0,0,0,no comment
rs15-I5-12,0,0,0,0,0,0,no comment
rs15-S6-12,0,0,0,0,0,0,no comment
rs17-I6-12,0,0,0,0,0,0,no comment
rs17-I9-13,0,0,0,0,0,0,no comment
rs17-S10-13,0,0,0,0,0,0,no comment
rs17-S7-13,0,0,0,0,0,0,no comment
rs17-S8-13,0,0,0,0,0,0,no comment
rs18-833-11,0,0,0,0,0,0,no comment
rs18-836-11,0,0,0,0,0,0,no comment
rs18-839-11,0,0,0,0,0,0,no comment
rs18-840-11,0,0,0,0,0,0,no comment
rs18-934-13,0,0,0,0,0,0,no comment
rs19-530-12,0,0,0,0,0,0,no comment
rs22-053-14,0,0,0,0,0,0,no comment
rs22-054-14,0,0,0,0,0,0,no comment
rs23-172-14,0,0,0,0,0,0,no comment
rs23-192-14,0,0,0,0,0,0,no comment
rs23-249-15,0,0,0,0,0,0,no comment
rs27-056-14,0,0,0,0,0,0,no comment
rs27-091-14,0,0,0,0,0,0,no comment
rs27-261-15,0,0,0,0,0,0,no comment
rs27-263-15,0,0,0,0,0,0,no comment
rs29-02-16,0,0,0,0,0,0,no comment
rs29-03-16,0,0,0,0,0,0,no comment
rs29-04-16,0,0,0,0,0,0,no comment
rs31-249BAT-15,0,0,0,0,0,0,no comment
rs31-255-16,0,0,0,0,1,0,no comment
rs31-261-15,0,0,0,0,0,0,no comment
rs31-Ph2_616-17,0,0,0,0,0,0,no comment
rs31-Ph2_617-17,0,0,0,0,0,0,no comment
rs31-Ph2_618-17,0,0,0,0,0,0,no comment
rs32-654-17,0,0,0,0,0,0,no comment
rs32-655-17,0,0,0,0,0,0,no comment
rs32-656-17,0,0,0,0,0,0,no comment
rs32-657-17,0,0,0,0,0,0,no comment
rs32-658-17,0,0,0,0,0,0,no comment
rs32-659-17,0,0,0,0,0,0,no comment
rs34-883-18,0,0,0,0,0,0,no comment
rs34-884-18,0,0,0,0,0,0,no comment
rs34-885-18,0,0,0,0,0,0,no comment
rs34-888-18,0,0,0,0,0,0,no comment
rs6-01-10,0,0,0,0,0,0,no comment
rs6-02-10,0,0,0,0,0,0,no comment
rs6-03-10,0,0,0,0,0,0,no comment
rs6-04-10,0,0,0,0,0,0,no comment
rs6-05-10,0,0,0,0,0,0,no comment
rs6-06-10,0,0,0,0,1,0,no comment
rs6-07-10,0,0,0,0,0,0,no comment
rs6-08-10,0,0,0,0,0,0,no comment
rs6-09-10,0,0,0,0,1,0,no comment
rs6-10-10,0,0,0,0,0,0,no comment
rs6-11-10,0,0,0,0,0,0,no comment
rs6-12-10,0,0,0,0,0,0,no comment
rs6-13-10,0,0,0,0,0,0,no comment
rs6-14-10,0,0,0,0,0,0,no comment
rs6-15-10,0,0,0,0,0,0,no comment
rs6-16-10,0,0,0,0,0,0,no comment
rs6-17-10,0,0,0,0,0,0,no comment
rs6-18-10,0,0,0,0,0,0,no comment
rs9-373-11,0,0,0,0,0,0,no comment
rs9-384-11,0,0,0,0,0,0,no comment
rs9-385-11,0,0,0,0,0,0,no comment
rs9-386-11,0,0,0,0,0,0,no comment
rs9-387-11,0,0,0,0,0,0,no comment
rs9-388-11,0,0,0,0,0,0,no comment
rs9-389-11,0,0,0,0,1,0,no comment
rs9-827-11,0,0,0,0,0,0,no comment
rs9-828-11,0,0,0,0,0,0,no comment
rs9-829-11,0,0,0,0,0,0,no comment
rs9-830-11,0,0,0,0,0,0,no comment
rs9-832-11,0,0,0,0,0,0,no comment
rs9-834-11,0,0,0,0,0,0,no comment
rs9-837-11,0,0,0,0,0,0,no comment
rs9-838-11,0,0,0,0,0,0,no comment
wd04-836-11,0,0.01,0,0,0,0,no comment
wd04-838-11,0,-0.07,0,0,0,0,no comment
wd04-839-11,0,0,0,0,1,0,no comment
wd04-880-11,0,0.26,0,0,0,0,no comment
wd04-881-11,0,0.26,0,0,0,0,no comment
wd04-882-11,0,1.78,0,0,1,0,no comment
wd04-883-11,0,-0.08,0,0,0,0,no comment
wd04-884-11,0,0.15,0,0,0,0,no comment
wd04-896-11,0,0.02,0,0,0,0,no comment
wd04-897-11,0,0.03,0,0,0,0,no comment
wd04-898-11,0,0.06,0,0,0,0,no comment
wd04-899-11,0,0.06,0,0,0,0,no comment
wd04-900-11,0,-0.6,0,0,0,0,no comment
wd04-906-11,0,0.4,0,0,0,0,no comment
wd04-907-11,0,0.4,0,0,0,0,no comment
wd04-908-11,0,0,0,0,0,0,no comment
wd04-909-11,0,0.1,0,0,0,0,no comment
wd04-910-11,0,0.06,0,0,0,0,no comment
wd04-911-11,0,0.8,0,0,0,0,no comment
wd06-01-13,0,-0.05,0,0,0,0,no comment
wd06-03-13,0,0,0,0.1,0,0,no comment
wd06-04-13,0,0,0,0.15,0,0,no comment
wd06-05-13,0,0,0,0,0,0,no comment
wd06-07-13,0,0,0,0,0,0,no comment
wd06-08-13,0,0,0,0,0,0,no comment
wd06-09-13,0,0,0,0.1,0,0,no comment
wd06-10-13,0,0,0,0.05,0,0,no comment
wd07-01-15,0,0,0,0,0,0,no comment
wd09-408-16,0.05,0.01,0,-0.1,0,0,no comment
wd09-412-16,0,0,0,-0.1,0,0,no comment
wd09-414-16,0,0,0.02,-0.06,0,0,no comment
wd1-10165-06,0,0.6,0,0,0,0,no comment
wd1-10183-06,0,0.09,0,0,0,0,no comment
wd1-10213-06,0,-0.06,0,0,0,0,no comment
wd1-10216-06,0,0.05,0,0,0,0,no comment
wd1-10217-06,0,-0.05,0,0,0,0,no comment
wd1-9497-06,0,0.27,0,0,0,0,no comment
wd10-677-17,0,0,0,0,1,0,no comment
wd10-678-17,0,0,0,0,0,0,no comment
wd10-679-17,0,0,0,0.01,0,0,no comment
wd10-680-17,0,0,0,0,1,0,no comment
wd10-681-17,0,0,0,-0.02,0,0,no comment
wd11-368BAT-16,0,0,0,0,0,0,no comment
wd11-418BAT-16,0,0,0,0,0,0,no comment
wd11-421BAT-16,0,0,0,0,0,0,no comment
wd11-682-17,0,0,0,0,0,0,no comment
wd11-687-18,0,0,0,0,0,0,no comment
wd11-768-18,0,0,0,0,0,0,no comment
wd11-909-18,0,0,0,0,0,0,no comment
wd11-913-18,0,0,0,0,0,0,no comment
wd3-CTD1-07,0,0,0,0,1,0,no comment
wd3-CTD2-07,0,0,0,0,0,0,no comment
wd3-CTD3-07,0,0,0,0,0,0,no comment
DL01-063BAT2-15,0,0,0,0,0,0,no comment
DL01-858-18,0,0,0,0,1,0,no comment
DL01-859-18,0,0,0,0,1,0,no comment
DL01-860-18,0,0,0,0,1,0,no comment
DL01-861-18,0,0,0,0,1,0,no comment
DL01-862-18,0,0,0,0,1,0,no comment
ct145-227-BAT2-12_1,0,0,0,0,1,0,no comment
ct145-231-BAT2-14_1,0,0,0,0,1,0,no comment
ct145-235-BAT-14_1,0,0,0,0,0,0,no comment
ct145-366-BAT2-15_1,0,0,0,0,1,0,no comment
ct145-367-BAT2-15_1,0,0,0,0,1,0,no comment
ct145-427-BAT-10_1,0,0,0,0,0,0,no comment
ct145-F995-BAT-14_1,0,0,0,0,0,0,no comment
ct146-2-18,0,0,0,0,0,0,no comment
ct147-863-18,0,0,0,0,0,0,no comment
ct147-864-18,0,0,0,0,0,0,no comment
ct147-867-18,0,0,0,0,0,0,no comment
ct147-868-18,0,0,0,0,0,0,no comment
ct147-869-18,0,0,0,0,0,0,no comment
ct147-870-18,0,0,0,0,0,0,no comment
ct147-871-18,0,0,0,0,0,0,no comment
ct147-872-18,0,0,0,0,0,0,no comment
ct147-891-18,0,0,0,0,1,0,no comment
ct147-894-18,0,0,0,0,0,0,no comment
ct147-897-18,0,0,0,0,0,0,no comment
ct147-898-18,0,0,0,0,0,0,no comment
ct150-354BAT-16,0,0,0,0,0,0,no comment
ct150-360BAT-16,0,0,0,0,0,0,no comment
ct150-422BAT-16,0,0,0,0,0,0,double check
ct150-441BAT-16,0,0,0,0,0,0,double check
ct150-971-BULL-18,0,0,0,0,0,0,no comment
ct150-972-BULL-18,0,0,0,0,0,0,no comment
ct150-973-BULL-18,0,0,0,0,0,0,no comment
ct150-974-VERT-18,0,0,0,0,0,0,no comment
ct150-975-VERT-18,0,0,0,0,0,0,no comment
ct150-976-VERT-18,0,0,0,0,0,0,no comment
ct150-977-VERT-18,0,0,0,0,0,0,no comment
ct150-978-VERT-18,0,0,0,0,0,0,drift in temperature?
ct150-979-VERT-18,0,0,0,0,1,0,too few profiles
ct150-980-BULL-18,0,0,0,0,0,0,no comment
ct150-981-BULL-18,0,0,0,0,0,0,no comment
ct150-982-BULL-18,0,0,0,0,0,0,no comment
eb04-180-16,0,0,0,0,0,0,no comment
eb04-182-16,0,0,0,0,0,0,no comment
eb04-186-16,0,0,0,0,0,0,no comment
eb04-322-16,0,0,0,0,1,0,no comment
eb04-324-16,0,0,0,0,0,0,no comment
eb04-346-16,0,0,0,0,0,0,no comment
eb04-353-16,0,0,0,0,0,0,no comment
eb04-644-18,0,0,0,0,0,0,no comment
eb04-892-18,0,0,0,0,0,0,no comment
ft26-946-BAT2-13,0,0,0,0,0,0,no comment
ft26-950-18,0,0,0,0,0,0,no comment
ft26-959-18,0,0,0,0,0,0,no comment
ft26-960-18,0,0,0,0,0,0,no comment
rs34-067-19,0,0,0,0,0,0,no comment
rs34-068-19,0,0,0,0,0,0,no comment
rs34-069-19,0,0,0,0,0,0,no comment
rs34-070-19,0,0,0,0,0,0,no comment
rs34-886-18,0,0,0,0,0,0,no comment
rs34-887-18,0,0,0,0,0,0,no comment
ct151-227-BAT3-12,0,0,0,0,0,0,no comment
ct151-367-BAT3-15,0,0,0,0,0,0,no comment
ct151-F415-18,0,0,0,0,0,0,no comment
ct152-050-19,0,0,0,0,1,0,no comment
ct152-052-19,0,0,0,0,0,0,no comment
ct152-059-19,0,0,0,0,0,0,no comment
ct152-060-19,0,0,0,0,1,0,no comment
ct152-686-BAT-19,0,0,0,0,0,0,no comment
ct152-873-BAT-19,0,0,0,0,0,0,no comment
ct152-876-BAT-19,0,0,0,0,0,0,no comment
ct152-879-BAT-19,0,0,0,0,0,0,no comment
ct152-943-19,0,0,0,0,0,0,no comment
ct152-C899-BAT-19,0,0,0,0,0,0,no comment
ct152-C900-BAT-19,0,0,0,0,0,0,no comment
ct152-C901-BAT-19,0,0,0,0,0,0,no comment
ct152-C902-BAT-19,0,0,0,0,0,0,no comment
ct152-C903-BAT-19,0,0,0,0,0,0,no comment
ct152-F781-BAT-19,0,0,0,0,0,0,no comment
ct154-051-19,0,0,0,0,0,0,no comment
ct154-053-19,0,0,0,0,0,0,no comment
ct154-054-19,0,0,0,0,0,0,no comment
ct154-061-19,0,0,0,0,0,0,no comment
ct154-875-BAT-19,0,0,0,0,0,0,no comment
ct154-878-BAT-19,0,0,0,0,0,0,no comment
ct154-881-BAT-19,0,0,0,0,0,0,no comment
ct154-882-BAT-19,0,0,0,0,1,0,no comment
ct154-F905-BAT-19,0,0,0,0,0,0,no comment
ct157-C182-20,0,0,0,0,1,0,no comment
ct157-C190-20,0,0,0,0,1,0,no comment
ct157-C191-20,0,0,0,0,1,0,no comment
ct157-C201-20,0,0,0,0,0,0,no comment
ct157-C203-20,0,0,0,0,1,0,no comment
ct157-C204-20,0,0,0,0,1,0,no comment
ct157-C206-20,0,0,0,0,1,0,no comment
ct157-C208-20,0,0,0,0,1,0,no comment
ct157-C210-20,0,0,0,0,0,0,no comment
ct157-C212-20,0,0,0,0,1,0,no comment
ct157-C215-20,0,0,0,0,1,0,no comment
ct157-C217-20,0,0,0,0,1,0,no comment
ct157-C220-20,0,0,0,0,1,0,no comment
ct157-C222-20,0,0,0,0,1,0,no comment
ct157-C223-20,0,0,0,0,1,0,no comment
ct157-C224-20,0,0,0,0,1,0,no comment
ct157-C225-20,0,0,0,0,0,0,no comment
ct157-F117-20,0,0,0,0,1,0,no comment
ct157-F119-20,0,0,0,0,1,0,no comment
hg63-991-19,0,0,0,0,0,0,no comment
wd12-143-19,0,0,0,0,1,0,no comment
wd12-144-19,0,0,0,0,1,0,no comment
wd12-145-19,0,0,0,0,1,0,no comment
wd12-146-19,0,0,0,0,1,0,no comment
wd12-148-19,0,0,0,0,1,0,no comment
wd12-149-19,0,0,0,0,1,0,no comment
wd12-150-19,0,0,0,0,1,0,no comment
wd13-358BAT-16,0,0,0,0,0,0,no comment
wd13-411-16,0,0,0,0,0,0,no comment
wd13-417BAT-16,0,0,0,0,0,0,no comment
wd13-420BAT-16,0,0,0,0,0,0,no comment
wd13-765-18,0,0,0,0,1,0,no comment
wd13-880-18,0,0,0,0,0,0,no comment
wd13-910-18,0,0,0,0,0,0,no comment
wd13-911-18,0,0,0,0,0,0,no comment
wd14-269-20,0,0,0,0,1,0,
Row1852,0,0,0,0,0,0,no comment
wd14-270-20,0,0,0,0,0,0,no comment
wd14-271-20,0,0,0,0,1,0,no comment
wd14-281-20,0,0,0,0,0,0,no comment
wd14-282-20,0,0,0,0,0,0,no comment
wd14-283-20,0,0,0,0,0,0,no comment
wd14-285-20,0,0,0,0,1,0,no comment
wd14-287-20,0,0,0,0,0,0,no comment
wd14-289-20,0,0,0,0,1,0,no comment
ct160-264-20,0,0,0,0,0,0,no comment
ct160-265-20,0,0,0,0,0,0,no comment
ct160-266-20,0,0,0,0,0,0,no comment
ct160-267-20,0,0,0,0,0,0,no comment
ct160-268-20,0,0,0,0,0,0,no comment
ct160-278BAT2-14,0,0,0,0,0,0,no comment
ct160-300-20,0,0,0,0,0,0,no comment
ct160-301-20,0,0,0,0,0,0,no comment
ct160-302-20,0,0,0,0,0,0,no comment
ct160-303-20,0,0,0,0,0,0,no comment
ct160-304-20,0,0,0,0,0,0,no comment
ct160-305-20,0,0,0,0,0,0,no comment
ct160-306-20,0,0,0,0,0,0,no comment
ct160-307-20,0,0,0,0,0,0,no comment
ct160-308-20,0,0,0,0,0,0,no comment
ct160-309-20,0,0,0,0,0,0,no comment
ct160-310-20,0,0,0,0,0,0,no comment
ct160-311-20,0,0,0,0,1,0,no comment
ct160-312-20,0,0,0,0,0,0,no comment
ct160-313-20,0,0,0,0,0,0,no comment
ct160-314-20,0,0,0,0,0,0,no comment
ct160-315-20,0,0,0,0,0,0,no comment
ct160-316-20,0,0,0,0,0,0,no comment
ct160-318-20,0,0,0,0,0,0,no comment
ct160-319-20,0,0,0,0,0,0,no comment
ct160-331-20,0,0,0,0,0,0,no comment
ct160-332-20,0,0,0,0,0,0,no comment
ct160-336-20,0,0,0,0,0,0,no comment
ct160-338-20,0,0,0,0,0,0,no comment
ct160-339-20,0,0,0,0,0,0,no comment
ct160-341-20,0,0,0,0,0,0,no comment
ct160-342-20,0,0,0,0,0,0,no comment
ct160-918BAT-18,0,0,0,0,0,0,no comment
ct160-Oxy726-20,0,0,0,0,0,0,no comment
sk3-13219-15,0,0,0,-0.1,0,0,shark data
ct156-185BAT-15,0,0,0,0,0,0,no comment
ct156-190BAT-15,0,0,0,0,1,0,no comment
ct156-226-VERT-20,0,0,0,0,0,0,no comment
ct156-227-VERT-20,0,0,0,0,0,0,no comment
ct156-228-VERT-20,0,0,0,0,0,0,no comment
ct156-229-VERT-20,0,0,0,0,0,0,no comment
ct156-230-VERT-20,0,0,0,0,0,0,no comment
ct156-232-VERT-20,0,0,0,0,0,0,drift temperature?
ct156-234-VERT-20,0,0,0,0,0,0,no comment
ct156-235-VERT-20,0,0,0,0,0,0,no comment
ct156-237-VERT-20,0,0,0,0,0,0,no comment
ct156-361BAT-16,0,0,0,0,0,0,no comment
ct156-419BAT-16,0,0,0,0,0,0,no comment
ct156-440BAT-16,0,0,0,0,0,0,no comment
ct156-822BAT-08,0,0,0,0,1,0,no comment
ct156-879BAT-12,0,0,0,0,0,0,no comment
ct156-R763BAT-10,0,0,0,0,0,0,no comment
ct156-R881BAT-09,0,0,0,0,0,0,no comment
wd16-329-20,0,0,0,0,0,0,lots of profiles with low salinity surface data
wd16-330-20,0,0,0,0,0,0,lots of profiles with low salinity surface data
wd16-333-20,0,0,0,0,0,0,lots of profiles with low salinity surface data
wd16-334-20,0,0,0,0,0,0,lots of profiles with low salinity surface data
wd16-335-20,0,0,0,0,0,0,lots of profiles with low salinity surface data
wd16-337-20,0,0,0,0,0,0,lots of profiles with low salinity surface data
wd16-343-20,0,0,0,0,0,0,lots of profiles with low salinity surface data
wd16-344-20,0,0,0,0,0,0,lots of profiles with low salinity surface data
wd16-345-20,0,0,0,0,0,0,lots of profiles with low salinity surface data
wd16-346-20,0,0,0,0,1,0,no comment
wd16-347-20,0,0,0,0,0,0,lots of profiles with low salinity surface data
wd16-348-20,0,0,0,0,1,0,no comment
wd16-349-20,0,0,0,0,0,0,lots of profiles with low salinity surface data
wd16-350-20,0,0,0,0,0,0,lots of profiles with low salinity surface data
wd16-351-20,0,0,0,0,0,0,lots of profiles with low salinity surface data
wd16-352-20,0,0,0,0,0,0,lots of profiles with low salinity surface data
wd16-353-20,0,0,0,0,0,0,lots of profiles with low salinity surface data
wd16-354-20,0,0,0,0,1,0,no comment
wd16-369-20,0,0,0,0,0,0,lots of profiles with low salinity surface data
wd16-378-20,0,0,0,0,1,0,no comment
wd16-G1-20,0,0,0,0,0,0,lots of profiles with low salinity surface data
wd16-G4-20,0,0,0,0,1,0,no comment
wd16-G5-20,0,0,0,0,0,0,weird temperatures
wd17-450-21,0,0,0,0,1,0,no comment
wd17-452-21,0,0,0,0,1,0,no comment
wd17-453-21,0,0,0,0,0,0,no comment
wd17-454-21,0,0,0,0,0,0,no comment
wd17-455-21,0,0,0,0,0,0,no comment
wd17-456-21,0,0,0,0,0,0,no comment
wd17-458-21,0,0,0,0,0,0,no comment
wd17-459-21,0,0,0,0,0,1,no comment