deployment_code,pi_code,process,public,country,first_version,last_version,start_date,end_date,start_date_jul
wd04,HINDELL,1,1,AUSTRALIA,MEOP-CTD_2016-07-12,MEOP-CTD_2020-01-02,03/26/0011,10/08/0011,4103
awru1,HINDELL,1,1,AUSTRALIA,MEOP-CTD_2015-05-31,MEOP-CTD_2020-01-02,02/12/0007,10/03/0007,2600
ct149,HINDELL,1,1,AUSTRALIA,MEOP-CTD_2020-01-02,MEOP-CTD_2020-01-02,12/20/0018,NaT,6929
ct2,HINDELL,1,1,AUSTRALIA,MEOP-CTD_2015-05-31,MEOP-CTD_2020-01-02,01/20/0004,08/01/0004,1481
ct36,HINDELL,1,1,AUSTRALIA,MEOP-CTD_2015-05-31,MEOP-CTD_2020-01-02,12/26/0008,03/01/0009,3283
ct38w,HINDELL,1,1,AUSTRALIA,MEOP-CTD_2015-05-31,MEOP-CTD_2020-01-02,02/21/0008,01/01/0009,2974
ct47,HINDELL,1,1,AUSTRALIA,MEOP-CTD_2015-05-31,MEOP-CTD_2020-01-02,02/08/0009,08/01/0009,3327
ct6,HINDELL,1,1,AUSTRALIA,MEOP-CTD_2015-05-31,MEOP-CTD_2020-01-02,01/01/0005,11/29/0005,1828
ct75,HINDELL,1,1,AUSTRALIA,MEOP-CTD_2015-05-31,MEOP-CTD_2020-01-02,10/02/0011,01/01/0013,4293
ft24,HINDELL,1,1,AUSTRALIA,MEOP-CTD_2020-01-02,MEOP-CTD_2020-01-02,12/20/0018,NaT,6929
wd1,HINDELL,1,1,AUSTRALIA,MEOP-CTD_2015-05-31,MEOP-CTD_2020-01-02,02/14/0006,11/01/0006,2237
wd3,HINDELL,1,1,AUSTRALIA,MEOP-CTD_2015-07-01,MEOP-CTD_2020-01-02,02/20/0007,06/01/0007,2608
ct119,IMOS,1,1,AUSTRALIA,MEOP-CTD_2017-11-11,MEOP-CTD_2020-01-02,01/16/0016,NaT,5860
ct122,IMOS,1,1,AUSTRALIA,MEOP-CTD_2017-11-11,MEOP-CTD_2020-01-02,01/01/0016,12/01/0016,5845
ct128,IMOS,1,1,AUSTRALIA,MEOP-CTD_2017-11-11,MEOP-CTD_2020-01-02,11/15/0017,NaT,6529
ct128a,IMOS,1,1,AUSTRALIA,MEOP-CTD_2018-04-10,MEOP-CTD_2020-01-02,03/02/0017,08/01/0017,6271
ct134,IMOS,1,1,AUSTRALIA,MEOP-CTD_2017-11-11,MEOP-CTD_2020-01-02,02/15/0017,02/01/0017,6256
ct135,IMOS,1,1,AUSTRALIA,MEOP-CTD_2017-11-11,MEOP-CTD_2020-01-02,01/10/0017,06/01/0017,6220
ct140,IMOS,1,1,AUSTRALIA,MEOP-CTD_2020-01-02,MEOP-CTD_2020-01-02,11/20/0017,NaT,6534
ct144,IMOS,1,1,AUSTRALIA,MEOP-CTD_2020-01-02,MEOP-CTD_2020-01-02,10/10/0018,NaT,6858
ct148,IMOS,1,1,AUSTRALIA,MEOP-CTD_2020-01-02,MEOP-CTD_2020-01-02,12/20/0018,NaT,6929
ct150,IMOS,1,1,AUSTRALIA,MEOP-CTD_2020-01-02,MEOP-CTD_2020-01-02,11/20/0018,NaT,6899
kp01,IMOS,1,0,AUSTRALIA,MEOP-CTD_2017-11-11,MEOP-CTD_2018-04-10,03/15/0017,05/15/0017,6284
ct100,IMOS,1,1,AUSTRALIA,MEOP-CTD_2015-05-31,MEOP-CTD_2020-01-02,02/21/0013,11/30/0014,4801
ct101,IMOS,1,1,AUSTRALIA,MEOP-CTD_2017-11-11,MEOP-CTD_2020-01-02,05/22/0013,08/01/0014,4891
ct108,IMOS,1,1,AUSTRALIA,MEOP-CTD_2015-05-31,MEOP-CTD_2020-01-02,07/15/0014,12/31/0014,5310
ct109,IMOS,1,1,AUSTRALIA,MEOP-CTD_2015-05-31,MEOP-CTD_2020-01-02,12/06/0014,02/03/0016,5454
ct110,IMOS,1,1,AUSTRALIA,MEOP-CTD_2017-11-11,MEOP-CTD_2020-01-02,07/31/0014,04/01/0015,5326
ct111,IMOS,1,1,AUSTRALIA,MEOP-CTD_2015-05-31,MEOP-CTD_2020-01-02,10/20/0014,NaT,5407
ct116,IMOS,1,1,AUSTRALIA,MEOP-CTD_2017-11-11,MEOP-CTD_2020-01-02,01/10/0016,07/01/0016,5854
ct64,IMOS,1,1,AUSTRALIA,MEOP-CTD_2015-05-31,MEOP-CTD_2020-01-02,01/01/0010,12/01/0010,3654
ct77,IMOS,1,1,AUSTRALIA,MEOP-CTD_2015-05-31,MEOP-CTD_2020-01-02,01/01/0012,11/01/0012,4384
ct78,IMOS,1,1,AUSTRALIA,MEOP-CTD_2015-05-31,MEOP-CTD_2020-01-02,01/01/0012,11/01/0012,4384
ct78d,IMOS,1,1,AUSTRALIA,MEOP-CTD_2017-11-11,MEOP-CTD_2020-01-02,02/22/0011,03/01/0012,4071
ct79,IMOS,1,1,AUSTRALIA,MEOP-CTD_2015-05-31,MEOP-CTD_2020-01-02,01/25/0012,12/01/0012,4408
ct85,IMOS,1,1,AUSTRALIA,MEOP-CTD_2015-05-31,MEOP-CTD_2020-01-02,01/27/0014,12/04/0014,5141
ct91,IMOS,1,1,AUSTRALIA,MEOP-CTD_2017-11-11,MEOP-CTD_2020-01-02,06/11/0012,01/01/0013,4546
ct96,IMOS,1,1,AUSTRALIA,MEOP-CTD_2015-05-31,MEOP-CTD_2020-01-02,02/05/0013,02/01/0014,4785
ct98,IMOS,1,1,AUSTRALIA,MEOP-CTD_2015-05-31,MEOP-CTD_2020-01-02,12/25/0013,12/31/0014,5108
ct123,SARDI,1,1,AUSTRALIA,MEOP-CTD_2017-11-11,MEOP-CTD_2020-01-02,12/05/0015,NaT,5818
ct136,SARDI,1,1,AUSTRALIA,MEOP-CTD_2017-11-11,MEOP-CTD_2020-01-02,02/20/0017,NaT,6261
ct142,SARDI,1,1,AUSTRALIA,MEOP-CTD_2020-01-02,MEOP-CTD_2020-01-02,12/04/0017,NaT,6548
ct106,SARDI,1,1,AUSTRALIA,MEOP-CTD_2017-11-11,MEOP-CTD_2020-01-02,11/22/0013,02/03/0016,5075
ct115,SARDI,1,1,AUSTRALIA,MEOP-CTD_2017-11-11,MEOP-CTD_2020-01-02,12/08/0014,06/01/0015,5456
ct31,SARDI,1,1,AUSTRALIA,MEOP-CTD_2017-11-11,MEOP-CTD_2020-01-02,04/01/0007,07/01/0007,2648
ct61,SARDI,1,1,AUSTRALIA,MEOP-CTD_2017-11-11,MEOP-CTD_2020-01-02,12/09/0009,06/14/0010,3631
ct76,SARDI,1,1,AUSTRALIA,MEOP-CTD_2017-11-11,MEOP-CTD_2020-01-02,02/06/0011,06/01/0011,4055
ct86,SARDI,1,1,AUSTRALIA,MEOP-CTD_2017-11-11,MEOP-CTD_2020-01-02,12/01/0011,03/01/0012,4353
ft13,SARDI,1,1,AUSTRALIA,MEOP-CTD_2017-11-11,MEOP-CTD_2020-01-02,04/03/0013,05/28/0013,4842
ft19,SARDI,1,1,AUSTRALIA,MEOP-CTD_2017-11-11,MEOP-CTD_2020-01-02,12/08/0014,06/01/0015,5456
ct124,MUELBERT,1,0,BRAZIL,MEOP-CTD_2017-11-11,MEOP-CTD_2018-04-10,12/01/0015,NaT,5814
ct22,MUELBERT,1,1,BRAZIL,MEOP-CTD_2015-05-31,MEOP-CTD_2020-01-02,11/01/0008,04/01/0012,3228
ct39,MUELBERT,1,1,BRAZIL,MEOP-CTD_2015-05-31,MEOP-CTD_2020-01-02,01/20/0008,12/01/0008,2942
ct46,MUELBERT,1,1,BRAZIL,MEOP-CTD_2015-05-31,MEOP-CTD_2020-01-02,01/01/0009,06/01/0009,3289
ct56,MUELBERT,1,1,BRAZIL,MEOP-CTD_2015-05-31,MEOP-CTD_2020-01-02,11/19/0009,06/01/0010,3611
tu78,RIO,0,0,BRAZIL,,,01/07/0013,11/30/0014,4756
hd08,DFO Mont-Joli,0,0,CANADA,,,03/07/0018,NaT,6641
DL02,DFO Quebec,1,0,CANADA,MEOP-CTD_2017-11-11,MEOP-CTD_2018-04-10,10/01/0018,NaT,6849
ct55,HAMMILL,1,1,CANADA,MEOP-CTD_2015-05-31,MEOP-CTD_2020-01-02,03/21/0010,07/01/0010,3733
hd1,HAMMILL,0,0,CANADA,,,06/07/0004,01/03/0010,1620
hd2bb,HAMMILL,1,1,CANADA,MEOP-CTD_2016-07-12,MEOP-CTD_2020-01-02,03/19/0004,03/12/0005,1540
hd2f,HAMMILL,1,1,CANADA,MEOP-CTD_2017-11-11,MEOP-CTD_2020-01-02,03/19/0004,01/03/0005,1540
hd2g,HAMMILL,1,1,CANADA,MEOP-CTD_2016-07-12,MEOP-CTD_2020-01-02,07/24/0004,06/27/0005,1667
hd3,HAMMILL,1,1,CANADA,MEOP-CTD_2016-07-12,MEOP-CTD_2020-01-02,03/27/0008,06/21/0009,3009
hd5bb,HAMMILL,1,1,CANADA,MEOP-CTD_2016-07-12,MEOP-CTD_2020-01-02,03/18/0006,12/09/0006,2269
hd5g,HAMMILL,0,0,CANADA,,,07/24/0005,06/14/0006,2032
hd6,HAMMILL,1,1,CANADA,MEOP-CTD_2016-07-12,MEOP-CTD_2020-01-02,07/22/0007,06/24/0008,2760
hg19,HAMMILL,1,1,CANADA,MEOP-CTD_2016-07-12,MEOP-CTD_2020-01-02,06/17/0008,01/13/0009,3091
hg4,HAMMILL,1,1,CANADA,MEOP-CTD_2016-07-12,MEOP-CTD_2020-01-02,04/11/0004,05/28/0005,1563
hg5,HAMMILL,0,0,CANADA,,,06/13/0004,06/17/0005,1626
hg9,HAMMILL,1,1,CANADA,MEOP-CTD_2016-07-12,MEOP-CTD_2020-01-02,01/14/0007,11/13/0007,2571
hp1,HAMMILL,0,0,CANADA,,,07/13/0004,04/12/0005,1656
hp2,HAMMILL,1,1,CANADA,MEOP-CTD_2016-07-12,MEOP-CTD_2020-01-02,05/23/0004,10/23/0005,1605
MH1,HAMMILL,0,0,CANADA,,,07/09/0003,02/15/0004,1286
MH2,HAMMILL,0,0,CANADA,,,08/15/0004,05/04/0005,1689
MH3,HAMMILL,0,0,CANADA,,,08/15/0007,11/12/0007,2784
MH4,HAMMILL,0,0,CANADA,,,03/13/0008,04/04/0009,2995
MH5,HAMMILL,0,0,CANADA,,,08/17/0008,01/22/0009,3152
MH6,HAMMILL,0,0,CANADA,,,08/10/0009,01/06/0010,3510
rs11,HAMMILL,1,1,CANADA,MEOP-CTD_2016-07-12,MEOP-CTD_2020-01-02,10/29/0012,12/30/0012,4686
rs18,HAMMILL,1,1,CANADA,MEOP-CTD_2016-07-12,MEOP-CTD_2020-01-02,09/05/0013,10/24/0013,4997
rs28,HAMMILL,1,0,CANADA,MEOP-CTD_2017-11-11,MEOP-CTD_2018-04-10,03/16/0016,03/17/0016,5920
rs3,HAMMILL,0,0,CANADA,,,01/24/0005,03/26/0009,1851
rs6,HAMMILL,1,1,CANADA,MEOP-CTD_2016-07-12,MEOP-CTD_2020-01-02,10/17/0010,06/06/0011,3943
rs9,HAMMILL,1,1,CANADA,MEOP-CTD_2016-07-12,MEOP-CTD_2020-01-02,10/29/0011,04/30/0012,4320
tu34,HAMMILL,0,0,CANADA,,,08/15/0006,10/17/0009,2419
pv52,LAVAL,1,0,CANADA,,,NaT,NaT,NaN
ct20,NMML,1,1,CANADA,MEOP-CTD_2017-11-11,MEOP-CTD_2020-01-02,10/03/0006,12/01/0006,2468
vc03,OTN,1,0,CANADA,,,NaT,NaT,NaN
vc04,OTN,1,0,CANADA,,,NaT,NaT,NaN
ct18,STENSON,1,1,CANADA,MEOP-CTD_2015-05-31,MEOP-CTD_2020-01-02,07/01/0007,11/01/0009,2739
ct121,GAO,1,1,CHINA,MEOP-CTD_2017-11-11,MEOP-CTD_2020-01-02,02/01/0016,12/01/0016,5876
ct133,GAO,1,1,CHINA,MEOP-CTD_2017-11-11,MEOP-CTD_2020-01-02,02/01/0017,NaT,6242
ct105,GAO,1,1,CHINA,MEOP-CTD_2015-05-31,MEOP-CTD_2020-01-02,12/01/0013,NaT,5084
MY01,Aarhus,1,0,DENMARK,MEOP-CTD_2017-11-11,MEOP-CTD_2018-04-10,03/30/0017,11/01/0017,6299
wd09,CNRSPEPS,1,1,FRANCE,MEOP-CTD_2017-11-11,MEOP-CTD_2020-01-02,02/18/0017,NaT,6259
wd10,CNRSPEPS,1,1,FRANCE,MEOP-CTD_2020-01-02,MEOP-CTD_2020-01-02,11/19/0017,NaT,6533
wd11,CNRSPEPS,1,0,FRANCE,,,12/02/0018,NaT,6911
ct120,GUINET,1,1,FRANCE,MEOP-CTD_2017-11-11,MEOP-CTD_2020-01-02,11/01/0015,06/21/0016,5784
ct132,GUINET,1,1,FRANCE,MEOP-CTD_2017-11-11,MEOP-CTD_2020-01-02,10/20/0016,11/15/0016,6138
ct139,GUINET,1,1,FRANCE,MEOP-CTD_2017-11-11,MEOP-CTD_2020-01-02,10/01/0017,NaT,6484
ft14,GUINET,1,1,FRANCE,MEOP-CTD_2020-01-02,MEOP-CTD_2020-01-02,10/29/0013,02/01/0014,5051
ft22,GUINET,1,1,FRANCE,MEOP-CTD_2020-01-02,MEOP-CTD_2020-01-02,10/16/0018,NaT,6864
ft23,GUINET,1,1,FRANCE,MEOP-CTD_2020-01-02,MEOP-CTD_2020-01-02,10/20/0018,NaT,6868
ct11,GUINET,1,1,FRANCE,MEOP-CTD_2015-07-01,MEOP-CTD_2020-01-02,08/10/0005,12/14/0005,2049
ct112,GUINET,1,1,FRANCE,MEOP-CTD_2015-05-31,MEOP-CTD_2020-01-02,10/19/0014,02/01/0015,5406
ct117,GUINET,1,1,FRANCE,MEOP-CTD_2016-07-12,MEOP-CTD_2020-01-02,03/01/0015,08/01/0015,5539
ct131,GUINET,1,1,FRANCE,MEOP-CTD_2017-11-11,MEOP-CTD_2020-01-02,10/20/0016,11/30/0016,6138
ct16,GUINET,1,1,FRANCE,MEOP-CTD_2015-05-31,MEOP-CTD_2020-01-02,01/15/0006,07/01/0006,2207
ct23,GUINET,1,1,FRANCE,MEOP-CTD_2015-05-31,MEOP-CTD_2020-01-02,12/01/0006,01/05/0008,2527
ct23x,GUINET,1,1,FRANCE,MEOP-CTD_2015-05-31,MEOP-CTD_2020-01-02,01/01/0009,09/01/0009,3289
ct26,GUINET,1,1,FRANCE,MEOP-CTD_2015-05-31,MEOP-CTD_2020-01-02,02/12/0007,03/25/0008,2600
ct3,GUINET,1,1,FRANCE,MEOP-CTD_2015-07-01,MEOP-CTD_2020-01-02,02/24/0004,08/10/0004,1516
ct38e,GUINET,1,1,FRANCE,MEOP-CTD_2015-05-31,MEOP-CTD_2020-01-02,12/20/0007,10/01/0008,2911
ct62,GUINET,1,1,FRANCE,MEOP-CTD_2015-05-31,MEOP-CTD_2020-01-02,02/01/0010,01/01/0018,3685
ct7,GUINET,1,1,FRANCE,MEOP-CTD_2015-07-01,MEOP-CTD_2020-01-02,01/18/0005,01/01/0018,1845
ct82,GUINET,1,1,FRANCE,MEOP-CTD_2015-05-31,MEOP-CTD_2020-01-02,10/10/0011,02/21/0012,4301
ct84,GUINET,1,1,FRANCE,MEOP-CTD_2015-05-31,MEOP-CTD_2020-01-02,01/20/0012,03/14/0016,4403
ct95,GUINET,1,1,FRANCE,MEOP-CTD_2016-07-12,MEOP-CTD_2020-01-02,10/30/0012,01/20/0013,4687
ct97,GUINET,1,1,FRANCE,MEOP-CTD_2015-05-31,MEOP-CTD_2020-01-02,03/02/0013,NaT,4810
ft01,GUINET,1,1,FRANCE,MEOP-CTD_2015-05-31,MEOP-CTD_2020-01-02,12/22/0007,07/01/0008,2913
ft02,GUINET,1,1,FRANCE,MEOP-CTD_2015-05-31,MEOP-CTD_2020-01-02,01/18/0009,10/01/0009,3306
ft03,GUINET,1,1,FRANCE,MEOP-CTD_2015-05-31,MEOP-CTD_2020-01-02,10/01/0009,04/01/0010,3562
ft04,GUINET,1,1,FRANCE,MEOP-CTD_2015-05-31,MEOP-CTD_2020-01-02,02/08/0010,01/01/0018,3692
ft06,GUINET,1,1,FRANCE,MEOP-CTD_2015-05-31,MEOP-CTD_2020-01-02,10/26/0010,02/01/0011,3952
ft07,GUINET,1,1,FRANCE,MEOP-CTD_2015-05-31,MEOP-CTD_2020-01-02,01/24/0011,02/21/0011,4042
ft10,GUINET,1,1,FRANCE,MEOP-CTD_2015-05-31,MEOP-CTD_2020-01-02,10/10/0011,01/07/0012,4301
ft11,GUINET,1,1,FRANCE,MEOP-CTD_2015-05-31,MEOP-CTD_2020-01-02,02/07/0012,04/02/0015,4421
ft12,GUINET,1,1,FRANCE,MEOP-CTD_2015-05-31,MEOP-CTD_2020-01-02,10/26/0012,02/01/0013,4683
ft18,GUINET,1,1,FRANCE,MEOP-CTD_2017-11-11,MEOP-CTD_2020-01-02,10/20/0016,01/01/0017,6138
ft15,IPHC,1,1,FRANCE,MEOP-CTD_2015-05-31,MEOP-CTD_2020-01-02,07/31/0013,02/14/0014,4961
ft17,IPHC,1,1,FRANCE,MEOP-CTD_2015-05-31,MEOP-CTD_2020-01-02,03/28/0014,09/01/0015,5201
ct113,AWI,1,1,GERMANY,MEOP-CTD_2017-11-11,MEOP-CTD_2020-01-02,01/16/0016,NaT,5860
ct21,AWI,1,1,GERMANY,MEOP-CTD_2015-07-01,MEOP-CTD_2020-01-02,03/24/0007,11/01/0007,2640
ct35,AWI,1,1,GERMANY,MEOP-CTD_2015-07-01,MEOP-CTD_2020-01-02,10/26/0007,03/01/0008,2856
ct35b,AWI,1,1,GERMANY,MEOP-CTD_2015-07-01,MEOP-CTD_2020-01-02,02/12/0008,09/01/0008,2965
ct44,AWI,1,1,GERMANY,MEOP-CTD_2015-07-01,MEOP-CTD_2020-01-02,11/10/0008,02/01/0009,3237
ct68,AWI,1,1,GERMANY,MEOP-CTD_2015-07-01,MEOP-CTD_2020-01-02,01/10/0010,05/01/0010,3663
ct87,AWI,1,1,GERMANY,MEOP-CTD_2015-07-01,MEOP-CTD_2020-01-02,05/04/0012,01/01/0013,4508
ct99,AWI,1,1,GERMANY,MEOP-CTD_2015-07-01,MEOP-CTD_2020-01-02,02/27/0013,11/26/0013,4807
wd06,AWI,1,1,GERMANY,MEOP-CTD_2017-11-11,MEOP-CTD_2020-01-02,01/20/0014,11/30/0014,5134
wd07,AWI,1,1,GERMANY,MEOP-CTD_2017-11-11,MEOP-CTD_2020-01-02,01/20/0016,NaT,5864
ct102,BESTER-AWI,1,1,GERMANY,MEOP-CTD_2016-07-12,MEOP-CTD_2020-01-02,11/05/0013,06/10/0014,5058
ct54,BESTER-AWI,1,1,GERMANY,MEOP-CTD_2015-07-01,MEOP-CTD_2020-01-02,03/18/0010,12/31/0010,3730
ct72,IFMGEOMA,0,0,GERMANY,,,NaT,NaT,NaN
NW01,GINR,0,0,GRONLAND,,,08/24/0016,03/01/0017,6081
NW02,GINR,0,0,GRONLAND,,,04/05/0017,NaT,6305
rs32,GINR,1,0,GRONLAND,MEOP-CTD_2017-11-11,MEOP-CTD_2018-04-10,08/20/0017,NaT,6442
ct146,HOCHSCHEID,1,0,ITALY,,,05/21/0018,NaT,6716
ft20,HOCHSCHEID,1,0,ITALY,,,11/01/0016,06/01/0017,6150
ct80,OHSHIMA,1,0,JAPAN,,,02/16/0011,08/01/0014,4065
hg43G,IMARES,0,0,NETHERLANDS,,,NaT,NaT,NaN
hg43LT,IMARES,0,0,NETHERLANDS,,,NaT,NaT,NaN
hg43LZ,IMARES,0,0,NETHERLANDS,,,NaT,NaT,NaN
hg46G,IMARES,0,0,NETHERLANDS,,,NaT,NaT,NaN
hg46LT,IMARES,0,0,NETHERLANDS,,,NaT,NaT,NaN
hg46LZ,IMARES,0,0,NETHERLANDS,,,NaT,NaT,NaN
hg51,IMARES,0,0,NETHERLANDS,,,NaT,NaT,NaN
hg51x,IMARES,0,0,NETHERLANDS,,,NaT,NaT,NaN
pv54L,IMARES,0,0,NETHERLANDS,,,NaT,NaT,NaN
pv60L,IMARES,0,0,NETHERLANDS,,,NaT,NaT,NaN
pv61,IMARES,0,0,NETHERLANDS,,,NaT,NaT,NaN
hg37,NINA,1,0,NORWAY,MEOP-CTD_2017-11-11,MEOP-CTD_2018-04-10,10/22/0012,03/01/0013,4679
hg37g,NINA,1,0,NORWAY,MEOP-CTD_2017-11-11,MEOP-CTD_2018-04-10,10/22/0012,11/01/0013,4679
hg42,NINA,1,0,NORWAY,MEOP-CTD_2017-11-11,MEOP-CTD_2018-04-10,09/12/0015,11/19/0018,5734
ct138,NPOLAR,1,1,NORWAY,MEOP-CTD_2017-11-11,MEOP-CTD_2020-01-02,08/10/0017,06/01/0018,6432
ct141,NPOLAR,1,0,NORWAY,,,02/01/0018,NaT,6607
ft25,NPOLAR,1,0,NORWAY,,,10/31/0018,NaT,6879
NP04c,NPOLAR,0,0,NORWAY,,,07/19/0017,NaT,6410
ag01,NPOLAR,0,0,NORWAY,,,01/01/0016,10/05/0016,5845
bv3,NPOLAR,1,1,NORWAY,MEOP-CTD_2017-11-11,MEOP-CTD_2020-01-02,01/10/0015,11/01/0015,5489
ct103,NPOLAR,1,1,NORWAY,MEOP-CTD_2017-11-11,MEOP-CTD_2020-01-02,07/11/0013,05/16/0016,4941
ct130,NPOLAR,1,0,NORWAY,,,07/24/0016,05/01/0017,6050
ct32,NPOLAR,1,1,NORWAY,MEOP-CTD_2017-11-11,MEOP-CTD_2020-01-02,07/14/0007,06/01/0008,2752
ct32x,NPOLAR,1,1,NORWAY,MEOP-CTD_2017-11-11,MEOP-CTD_2020-01-02,03/21/0008,08/01/0008,3003
ct34,NPOLAR,1,1,NORWAY,MEOP-CTD_2015-05-31,MEOP-CTD_2020-01-02,01/01/0008,01/01/0009,2923
ct52,NPOLAR,1,1,NORWAY,MEOP-CTD_2017-11-11,MEOP-CTD_2020-01-02,09/05/0009,07/30/0010,3536
ct69,NPOLAR,1,1,NORWAY,MEOP-CTD_2017-11-11,MEOP-CTD_2020-01-02,09/03/0010,02/01/0011,3899
ct81,NPOLAR,1,1,NORWAY,MEOP-CTD_2017-11-11,MEOP-CTD_2020-01-02,07/19/0011,06/10/0012,4218
ct92,NPOLAR,1,1,NORWAY,MEOP-CTD_2017-11-11,MEOP-CTD_2020-01-02,08/18/0012,03/14/0016,4614
ct93,NPOLAR,1,1,NORWAY,MEOP-CTD_2017-11-11,MEOP-CTD_2020-01-02,08/06/0012,06/01/0013,4602
ct94,NPOLAR,1,1,NORWAY,MEOP-CTD_2017-11-11,MEOP-CTD_2020-01-02,08/15/0012,06/01/0013,4611
ft05,NPOLAR,1,1,NORWAY,MEOP-CTD_2017-11-11,MEOP-CTD_2020-01-02,07/18/0010,03/16/0011,3852
ft08,NPOLAR,1,1,NORWAY,MEOP-CTD_2017-11-11,MEOP-CTD_2020-01-02,07/30/0011,03/01/0012,4229
NP01,NPOLAR,0,1,NORWAY,MEOP-CTD_2020-01-02,MEOP-CTD_2020-01-02,NaT,NaT,NaN
NP02,NPOLAR,0,0,NORWAY,,,08/23/0013,12/01/0013,4984
pv34,NPOLAR,0,0,NORWAY,,,NaT,NaT,NaN
ct33,BESTER,1,1,SOUTH-AFRICA,MEOP-CTD_2015-07-01,MEOP-CTD_2020-01-02,02/08/0008,11/06/0008,2961
ct42,BESTER,1,1,SOUTH-AFRICA,MEOP-CTD_2015-07-01,MEOP-CTD_2020-01-02,04/02/0008,08/01/0008,3015
ct50,BESTER,1,1,SOUTH-AFRICA,MEOP-CTD_2015-07-01,MEOP-CTD_2020-01-02,02/09/0009,12/01/0009,3328
ct90,BESTER,1,1,SOUTH-AFRICA,MEOP-CTD_2015-07-01,MEOP-CTD_2020-01-02,11/03/0012,12/10/0012,4691
ct35x,BESTER-AWI,1,1,SOUTH-AFRICA,MEOP-CTD_2015-07-01,MEOP-CTD_2020-01-02,11/02/0008,03/01/0009,3229
ct73,BESTER-AWI,1,1,SOUTH-AFRICA,MEOP-CTD_2015-07-01,MEOP-CTD_2020-01-02,01/15/0011,04/01/0011,4033
sa01,BESTER-AWI,0,1,SOUTH-AFRICA,MEOP-CTD_2020-01-02,MEOP-CTD_2020-01-02,NaT,NaT,NaN
hg47,ROQUET,1,1,SWEDEN,MEOP-CTD_2017-11-11,MEOP-CTD_2020-01-02,03/30/0016,NaT,5934
ct1,FEDAK,1,1,UK,MEOP-CTD_2015-05-31,MEOP-CTD_2020-01-02,01/29/0004,12/31/0004,1490
ct40,FEDAK,1,1,UK,MEOP-CTD_2015-05-31,MEOP-CTD_2020-01-02,01/25/0008,01/01/0009,2947
ct45,FEDAK,1,1,UK,MEOP-CTD_2015-05-31,MEOP-CTD_2020-01-02,10/10/0008,06/01/0009,3206
ct49,FEDAK,1,1,UK,MEOP-CTD_2015-05-31,MEOP-CTD_2020-01-02,02/02/0009,01/01/0010,3321
ct58,FEDAK,1,1,UK,MEOP-CTD_2015-05-31,MEOP-CTD_2020-01-02,10/31/0009,07/01/0010,3592
ct65,FEDAK,1,1,UK,MEOP-CTD_2015-05-31,MEOP-CTD_2020-01-02,02/24/0010,01/01/0011,3708
ct8,FEDAK,1,1,UK,MEOP-CTD_2015-05-31,MEOP-CTD_2020-01-02,01/10/0005,02/01/0006,1837
hg48,FEDAK,0,1,UK,MEOP-CTD_2020-01-02,MEOP-CTD_2020-01-02,NaT,NaT,NaN
hg48a,FEDAK,0,1,UK,MEOP-CTD_2020-01-02,MEOP-CTD_2020-01-02,NaT,NaT,NaN
rh01,FEDAK,0,1,UK,MEOP-CTD_2020-01-02,MEOP-CTD_2020-01-02,NaT,NaT,NaN
ct27,NICHOLLS,1,1,UK,MEOP-CTD_2015-05-31,MEOP-CTD_2020-01-02,02/11/0007,01/01/0008,2599
ct27x,NICHOLLS,1,1,UK,MEOP-CTD_2015-05-31,MEOP-CTD_2020-01-02,02/27/0007,01/01/0008,2615
ct43,NICHOLLS,1,1,UK,MEOP-CTD_2015-05-31,MEOP-CTD_2020-01-02,02/05/0009,05/01/0009,3324
ct70,NICHOLLS,1,1,UK,MEOP-CTD_2015-05-31,MEOP-CTD_2020-01-02,02/08/0011,10/06/0011,4057
ct104,SMRU,1,1,UK,MEOP-CTD_2017-11-11,MEOP-CTD_2020-01-02,02/08/0014,01/27/0015,5153
bs1,STANILAN,1,1,UK,MEOP-CTD_2017-11-11,MEOP-CTD_2020-01-02,10/09/0004,11/01/0005,1744
bs2,STANILAN,1,1,UK,MEOP-CTD_2017-11-11,MEOP-CTD_2020-01-02,10/19/0006,05/01/0007,2484
ct147,TARSAN,1,0,UK,,,07/24/0018,NaT,6780
BM01,ALASKA,1,0,USA,MEOP-CTD_2017-11-11,MEOP-CTD_2018-04-10,06/01/0016,NaT,5997
BM02,ALASKA,1,0,USA,MEOP-CTD_2017-11-11,MEOP-CTD_2018-04-10,08/16/0017,NaT,6438
BM03,ALASKA,1,0,USA,,,09/01/0018,NaT,6819
ct89,BLOCK,1,1,USA,MEOP-CTD_2017-11-11,MEOP-CTD_2020-01-02,02/15/0012,06/02/0012,4429
ct125,COSTA,1,1,USA,MEOP-CTD_2017-11-11,MEOP-CTD_2020-01-02,02/06/0016,05/01/0016,5881
ct127,COSTA,1,1,USA,MEOP-CTD_2017-11-11,MEOP-CTD_2020-01-02,01/15/0016,11/01/0016,5859
ct137,COSTA,1,1,USA,MEOP-CTD_2017-11-11,MEOP-CTD_2020-01-02,06/01/0017,05/15/0018,6362
ct145,COSTA,1,0,USA,,,12/06/0018,12/06/0018,6915
ft21,COSTA,1,1,USA,MEOP-CTD_2020-01-02,MEOP-CTD_2020-01-02,02/01/0018,05/15/0018,6607
ft26,COSTA,1,1,USA,MEOP-CTD_2020-01-02,MEOP-CTD_2020-01-02,01/01/0019,NaT,6941
ct10,COSTA,1,1,USA,MEOP-CTD_2016-07-12,MEOP-CTD_2020-01-02,02/01/0005,06/01/0005,1859
ct107,COSTA,1,1,USA,MEOP-CTD_2016-07-12,MEOP-CTD_2020-01-02,05/22/0015,11/03/0015,5621
ct114,COSTA,1,1,USA,MEOP-CTD_2017-11-11,MEOP-CTD_2020-01-02,07/01/0015,NaT,5661
ct12,COSTA,1,1,USA,MEOP-CTD_2016-07-12,MEOP-CTD_2020-01-02,06/29/0005,11/10/0005,2007
ct126,COSTA,1,1,USA,MEOP-CTD_2017-11-11,MEOP-CTD_2020-01-02,02/01/0016,06/01/0016,5876
ct129,COSTA,1,1,USA,MEOP-CTD_2020-01-02,MEOP-CTD_2020-01-02,05/20/0016,NaT,5985
ct13,COSTA,1,1,USA,MEOP-CTD_2016-07-12,MEOP-CTD_2020-01-02,07/20/0005,02/01/0006,2028
ct14,COSTA,1,1,USA,MEOP-CTD_2015-05-31,MEOP-CTD_2020-01-02,01/10/0006,07/01/0006,2202
ct15,COSTA,1,1,USA,MEOP-CTD_2017-11-11,MEOP-CTD_2020-01-02,10/25/0005,01/21/0006,2125
ct17,COSTA,1,1,USA,MEOP-CTD_2016-07-12,MEOP-CTD_2020-01-02,01/10/0006,07/01/0006,2202
ct19,COSTA,1,1,USA,MEOP-CTD_2016-07-12,MEOP-CTD_2020-01-02,08/13/0006,12/31/0006,2417
ct25,COSTA,1,1,USA,MEOP-CTD_2015-05-31,MEOP-CTD_2020-01-02,01/01/0007,01/01/0008,2558
ct28,COSTA,1,1,USA,MEOP-CTD_2016-07-12,MEOP-CTD_2020-01-02,03/03/0007,09/01/0007,2619
ct29,COSTA,1,1,USA,MEOP-CTD_2015-05-31,MEOP-CTD_2020-01-02,04/23/0007,08/01/0008,2670
ct30,COSTA,1,1,USA,MEOP-CTD_2016-07-12,MEOP-CTD_2020-01-02,06/06/0007,12/01/0007,2714
ct37,COSTA,1,1,USA,MEOP-CTD_2015-05-31,MEOP-CTD_2020-01-02,01/25/0008,12/01/0008,2947
ct4,COSTA,1,1,USA,MEOP-CTD_2016-07-12,MEOP-CTD_2020-01-02,06/05/0004,12/12/0004,1618
ct41,COSTA,1,1,USA,MEOP-CTD_2016-07-12,MEOP-CTD_2020-01-02,02/01/0008,04/01/0009,2954
ct48,COSTA,1,1,USA,MEOP-CTD_2015-05-31,MEOP-CTD_2020-01-02,01/18/0009,12/25/0009,3306
ct51,COSTA,1,1,USA,MEOP-CTD_2016-07-12,MEOP-CTD_2020-01-02,02/18/0009,06/01/0009,3337
ct53,COSTA,1,1,USA,MEOP-CTD_2016-07-12,MEOP-CTD_2020-01-02,05/01/0009,01/30/0010,3409
ct63,COSTA,1,1,USA,MEOP-CTD_2015-05-31,MEOP-CTD_2020-01-02,01/25/0010,12/01/0010,3678
ct67,COSTA,1,1,USA,MEOP-CTD_2016-07-12,MEOP-CTD_2020-01-02,03/22/0010,08/01/0010,3734
ct74,COSTA,1,1,USA,MEOP-CTD_2015-05-31,MEOP-CTD_2020-01-02,01/21/0011,12/16/0011,4039
ct88,COSTA,1,1,USA,MEOP-CTD_2015-05-31,MEOP-CTD_2020-01-02,01/26/0012,11/01/0012,4409
ct9,COSTA,1,1,USA,MEOP-CTD_2015-05-31,MEOP-CTD_2020-01-02,02/01/0005,01/01/0006,1859
ft09,COSTA,1,1,USA,MEOP-CTD_2016-07-12,MEOP-CTD_2020-01-02,06/04/0011,01/01/0012,4173
ct118,GOEBEL,1,1,USA,MEOP-CTD_2017-11-11,MEOP-CTD_2020-01-02,02/12/0015,NaT,5522
ct143,GOEBEL,1,1,USA,MEOP-CTD_2020-01-02,MEOP-CTD_2020-01-02,04/20/0018,NaT,6685
ct57,GOEBEL,1,1,USA,MEOP-CTD_2017-11-11,MEOP-CTD_2020-01-02,02/20/0010,09/01/0011,3704
ct83,GOEBEL,1,1,USA,MEOP-CTD_2017-11-11,MEOP-CTD_2020-01-02,03/03/0014,06/24/0014,5176
ct71,HOLLAND,1,0,USA,MEOP-CTD_2017-11-11,MEOP-CTD_2018-04-10,08/31/0010,04/20/0011,3896
rs14,HOLLAND,1,0,USA,MEOP-CTD_2017-11-11,MEOP-CTD_2018-04-10,09/14/0012,04/01/0013,4641
rs15,HOLLAND,1,0,USA,MEOP-CTD_2017-11-11,MEOP-CTD_2018-04-10,08/28/0012,12/01/0014,4624
rs17,HOLLAND,1,0,USA,MEOP-CTD_2017-11-11,MEOP-CTD_2018-04-10,08/01/0013,06/01/0014,4962
rs19,HOLLAND,1,0,USA,MEOP-CTD_2017-11-11,MEOP-CTD_2018-04-10,08/01/0013,07/01/0014,4962
rs22,HOLLAND,1,0,USA,MEOP-CTD_2017-11-11,MEOP-CTD_2018-04-10,08/01/0014,02/01/0015,5327
rs23,HOLLAND,1,0,USA,MEOP-CTD_2017-11-11,MEOP-CTD_2018-04-10,09/01/0015,12/01/0015,5723
rs27,HOLLAND,1,0,USA,MEOP-CTD_2017-11-11,MEOP-CTD_2018-04-10,08/01/0016,12/01/0016,6058
rs29,HOLLAND,1,0,USA,,,08/04/0016,NaT,6061
rs31,HOLLAND,1,0,USA,MEOP-CTD_2017-11-11,MEOP-CTD_2018-04-10,07/15/0017,NaT,6406
rs34,HOLLAND,1,0,USA,,,07/25/0018,NaT,6781
ct59,SPRINGER,1,0,USA,MEOP-CTD_2017-11-11,MEOP-CTD_2018-04-10,10/21/0009,05/01/0010,3582
DL01,STANTEC,0,0,USA,,,06/06/0018,NaT,6732
eb03,STANTEC,1,0,USA,MEOP-CTD_2017-11-11,MEOP-CTD_2018-04-10,08/10/0015,NaT,5701
eb04,STANTEC,1,0,USA,,,08/14/0016,02/10/0017,6071
ct153,LARS,1,0,UK,,,NaT,NaT,NaN
wd12,CNRSPEPS,1,0,FRANCE,,,NaT,NaT,NaN
wd13,CNRSPEPS,1,0,FRANCE,,,NaT,NaT,NaN
ct158,GUINET,1,0,FRANCE,,,NaT,NaT,NaN
hd09,DFO Mont-Joli,1,0,CANADA,,,NaT,NaT,NaN
hg63,HAMMILL,1,0,CANADA,,,NaT,NaT,NaN
ct151,COSTA,1,0,USA,,,NaT,NaT,NaN
ct152,GUINET,1,0,FRANCE,,,NaT,NaT,NaN
ct156,IMOS,1,0,AUSTRALIA,,,NaT,NaT,NaN
ct154,GUINET,1,0,FRANCE,,,NaT,NaT,NaN
ct155,GUINET,1,0,FRANCE,,,NaT,NaT,NaN
ct157,IMOS,1,0,AUSTRALIA,,,NaT,NaT,NaN
